evid,latitude,longitude,depth,time,mag
1,35.9633,-117.6710,4.92,2000-12-13T15:01:01.180000,1.0
2,36.0681,-117.8387,3.76,2000-12-13T15:02:01.090000,1.0
3,35.8991,-117.7152,6.91,2000-12-13T15:03:01.140000,1.0
4,35.9008,-117.7056,6.97,2000-12-13T15:04:01.170000,1.0
5,35.9017,-117.6909,6.84,2000-12-13T15:05:01.180000,1.0
6,35.6714,-117.5121,5.84,2000-12-13T15:06:01.150000,1.0
7,35.5537,-117.3141,6.28,2000-12-13T15:07:01.160000,1.0
8,36.0465,-117.8666,5.45,2000-12-13T15:08:01.140000,1.0
9,35.9482,-117.6854,5.45,2000-12-13T15:09:01.100000,1.0
10,35.5832,-117.5985,5.26,2000-12-13T15:10:01.150000,1.0
11,35.9367,-117.6739,5.56,2000-12-13T15:11:01.130000,1.0
12,35.5929,-117.6099,3.69,2000-12-13T15:12:01.170000,1.0
13,35.9102,-117.6715,4.84,2000-12-13T15:13:01.160000,1.0
14,35.6739,-117.4715,4.97,2000-12-13T15:14:01.010000,1.0
15,35.7144,-117.4955,5.07,2000-12-13T15:15:01.040000,1.0
16,35.6752,-117.4881,3.60,2000-12-13T15:16:01.120000,1.0
17,35.8720,-117.6895,8.76,2000-12-13T15:17:01.130000,1.0
18,35.6562,-117.5373,7.43,2000-12-13T15:18:01.270000,1.0
19,35.6327,-117.4221,5.73,2000-12-13T15:19:01.130000,1.0
20,35.8915,-117.6820,6.35,2000-12-13T15:20:01.120000,1.0
21,35.5958,-117.4071,4.11,2000-12-13T15:21:01.030000,1.0
22,35.5845,-117.5755,6.24,2000-12-13T15:22:01.220000,1.0
23,35.7039,-117.5011,5.73,2000-12-13T15:23:01.090000,1.0
24,35.9244,-117.6998,7.34,2000-12-13T15:24:01.130000,1.0
25,35.8877,-117.6694,7.10,2000-12-13T15:25:01.190000,1.0
26,35.6564,-117.4469,5.92,2000-12-13T15:26:01.120000,1.0
27,35.6108,-117.5831,4.44,2000-12-13T15:27:01.070000,1.0
28,35.8788,-117.6968,6.07,2000-12-13T15:28:01.220000,1.0
29,35.8759,-117.6910,6.87,2000-12-13T15:29:01.140000,1.0
30,35.5763,-117.5975,2.99,2000-12-13T15:30:00.950000,1.0
31,35.6658,-117.4881,3.66,2000-12-13T15:31:01.020000,1.0
32,35.6827,-117.4805,4.87,2000-12-13T15:32:01.050000,1.0
33,35.9594,-117.7047,5.77,2000-12-13T15:33:01.080000,1.0
34,35.7256,-117.5396,5.53,2000-12-13T15:34:01.080000,1.0
35,35.8639,-117.6903,7.05,2000-12-13T15:35:01.250000,1.0
36,35.9046,-117.7467,11.46,2000-12-13T15:36:01.020000,1.0
37,35.7061,-117.5733,6.44,2000-12-13T15:37:01.200000,1.0
38,35.6564,-117.4892,5.05,2000-12-13T15:38:01.130000,1.0
39,35.7520,-117.5626,6.97,2000-12-13T15:39:01.160000,1.0
40,35.9158,-117.7108,5.48,2000-12-13T15:40:01.080000,1.0
41,35.8846,-117.6899,5.98,2000-12-13T15:41:01.260000,1.0
42,35.6848,-117.4897,0.68,2000-12-13T15:42:01.030000,1.0
43,35.8769,-117.7013,9.51,2000-12-13T15:43:01.060000,1.0
44,35.9424,-117.6814,5.52,2000-12-13T15:44:01.090000,1.0
45,35.6709,-117.4749,4.86,2000-12-13T15:45:01.070000,1.0
46,35.6085,-117.5685,4.43,2000-12-13T15:46:01.170000,1.0
47,35.8716,-117.6704,8.81,2000-12-13T15:47:01.170000,1.0
48,35.7319,-117.5244,3.33,2000-12-13T15:48:00.970000,1.0
49,35.9209,-117.6999,5.12,2000-12-13T15:49:01.280000,1.0
50,35.6053,-117.5990,1.71,2000-12-13T15:50:00.920000,1.0
51,35.9914,-117.6615,5.53,2000-12-13T15:51:01.190000,1.0
52,35.6645,-117.4982,5.28,2000-12-13T15:52:00.990000,1.0
53,35.9443,-117.6901,5.00,2000-12-13T15:53:01.100000,1.0
54,35.7029,-117.5357,6.41,2000-12-13T15:54:01.140000,1.0
55,35.9538,-117.6836,5.29,2000-12-13T15:55:01.070000,1.0
56,35.7484,-117.5177,4.96,2000-12-13T15:56:00.950000,1.0
57,35.9847,-117.6728,4.83,2000-12-13T15:57:01.170000,1.0
58,35.7621,-117.5698,7.86,2000-12-13T15:58:01.140000,1.0
59,35.9319,-117.6889,7.82,2000-12-13T15:59:01.200000,1.0
60,35.8736,-117.6885,5.61,2000-12-13T16:00:01.180000,1.0
61,35.8974,-117.7250,8.74,2000-12-13T16:01:01.130000,1.0
62,35.6338,-117.4298,2.91,2000-12-13T16:02:01.120000,1.0
63,35.8740,-117.6609,9.32,2000-12-13T16:03:01.170000,1.0
64,35.6177,-117.5875,6.40,2000-12-13T16:04:01.220000,1.0
65,36.0492,-117.8349,4.33,2000-12-13T16:05:01.200000,1.0
66,35.6085,-117.5932,3.82,2000-12-13T16:06:01.020000,1.0
67,35.6543,-117.4516,2.81,2000-12-13T16:07:01.120000,1.0
68,35.9205,-117.7002,5.77,2000-12-13T16:08:01.180000,1.0
69,35.6457,-117.4385,4.74,2000-12-13T16:09:01.090000,1.0
70,35.7185,-117.5188,5.70,2000-12-13T16:10:01.110000,1.0
71,35.7190,-117.5188,5.00,2000-12-13T16:11:01.020000,1.0
72,35.6683,-117.5127,6.53,2000-12-13T16:12:01.150000,1.0
73,35.9165,-117.6775,5.15,2000-12-13T16:13:01.170000,1.0
74,35.9271,-117.7180,5.50,2000-12-13T16:14:01.150000,1.0
75,35.7410,-117.5484,2.97,2000-12-13T16:15:01.010000,1.0
76,35.5925,-117.4266,4.41,2000-12-13T16:16:01.210000,1.0
77,35.9552,-117.6707,5.22,2000-12-13T16:17:01.050000,1.0
78,35.9102,-117.7052,7.22,2000-12-13T16:18:01.140000,1.0
79,35.9068,-117.6621,5.65,2000-12-13T16:19:01.100000,1.0
80,35.6496,-117.4635,4.24,2000-12-13T16:20:01.120000,1.0
81,35.6329,-117.4316,5.54,2000-12-13T16:21:01.140000,1.0
82,35.6048,-117.4148,4.96,2000-12-13T16:22:01.150000,1.0
83,35.6656,-117.4846,2.69,2000-12-13T16:23:01.040000,1.0
84,35.6755,-117.4650,4.42,2000-12-13T16:24:01.060000,1.0
85,35.8731,-117.6927,6.20,2000-12-13T16:25:01.180000,1.0
86,35.6702,-117.4732,4.73,2000-12-13T16:26:01.020000,1.0
87,35.7145,-117.5294,3.71,2000-12-13T16:27:00.990000,1.0
88,35.9009,-117.6764,5.87,2000-12-13T16:28:01.140000,1.0
89,35.8830,-117.6990,6.36,2000-12-13T16:29:01.240000,1.0
90,35.6299,-117.4297,4.24,2000-12-13T16:30:01.120000,1.0
91,35.9020,-117.6776,5.38,2000-12-13T16:31:01.110000,1.0
92,35.6749,-117.4861,1.81,2000-12-13T16:32:00.990000,1.0
93,35.9490,-117.6789,5.08,2000-12-13T16:33:01.050000,1.0
94,35.6524,-117.4498,2.43,2000-12-13T16:34:01.040000,1.0
95,35.9009,-117.6942,8.05,2000-12-13T16:35:01.160000,1.0
96,35.7180,-117.4768,3.67,2000-12-13T16:36:00.940000,1.0
97,35.6732,-117.4688,2.57,2000-12-13T16:37:01.050000,1.0
98,35.8880,-117.6803,8.13,2000-12-13T16:38:01.120000,1.0
99,35.9416,-117.6971,6.59,2000-12-13T16:39:01.110000,1.0
100,35.6485,-117.4438,3.59,2000-12-13T16:40:01.150000,1.0
101,36.0146,-117.8379,4.77,2000-12-13T16:41:01.200000,1.0
102,35.7762,-117.5566,8.63,2000-12-13T16:42:01.230000,1.0
103,35.8961,-117.7025,6.64,2000-12-13T16:43:01.170000,1.0
104,35.9619,-117.6716,3.03,2000-12-13T16:44:01.440000,1.0
105,35.6804,-117.5426,6.53,2000-12-13T16:45:01.170000,1.0
106,35.8972,-117.6710,7.35,2000-12-13T16:46:01.150000,1.0
107,35.9205,-117.7213,5.58,2000-12-13T16:47:01.160000,1.0
108,35.6437,-117.4677,5.20,2000-12-13T16:48:01.150000,1.0
109,35.7305,-117.5130,4.20,2000-12-13T16:49:00.950000,1.0
110,35.5934,-117.4164,5.90,2000-12-13T16:50:01.190000,1.0
111,35.9302,-117.7004,5.74,2000-12-13T16:51:01.120000,1.0
112,35.6980,-117.5861,6.61,2000-12-13T16:52:01.160000,1.0
113,35.7189,-117.5267,5.89,2000-12-13T16:53:01.090000,1.0
114,35.9182,-117.6782,6.09,2000-12-13T16:54:01.100000,1.0
115,35.6096,-117.4259,4.30,2000-12-13T16:55:01.310000,1.0
116,35.8885,-117.6786,8.20,2000-12-13T16:56:01.170000,1.0
117,35.8238,-117.6273,6.67,2000-12-13T16:57:01.300000,1.0
118,35.6865,-117.5099,6.45,2000-12-13T16:58:01.180000,1.0
119,35.5669,-117.6117,3.30,2000-12-13T16:59:01.040000,1.0
120,35.7103,-117.4879,5.15,2000-12-13T17:00:00.980000,1.0
121,35.7184,-117.5581,6.73,2000-12-13T17:01:01.220000,1.0
122,35.6739,-117.4796,4.26,2000-12-13T17:02:01.070000,1.0
123,35.7024,-117.5213,8.48,2000-12-13T17:03:01.250000,1.0
124,35.7195,-117.5386,5.82,2000-12-13T17:04:01.170000,1.0
125,35.8936,-117.6727,5.91,2000-12-13T17:05:01.120000,1.0
126,35.5999,-117.4279,3.24,2000-12-13T17:06:01.200000,1.0
127,35.8881,-117.6713,10.16,2000-12-13T17:07:01.160000,1.0
128,35.9233,-117.6634,3.62,2000-12-13T17:08:01.180000,1.0
129,35.7189,-117.5216,6.12,2000-12-13T17:09:01.080000,1.0
130,35.5615,-117.3143,5.77,2000-12-13T17:10:01.150000,1.0
131,35.7138,-117.4974,3.47,2000-12-13T17:11:00.970000,1.0
132,35.8927,-117.7210,9.93,2000-12-13T17:12:01.150000,1.0
133,35.6287,-117.4151,3.79,2000-12-13T17:13:01.060000,1.0
134,36.0545,-117.8473,3.74,2000-12-13T17:14:01.140000,1.0
135,35.6211,-117.4392,6.07,2000-12-13T17:15:01.190000,1.0
136,35.5673,-117.5861,5.29,2000-12-13T17:16:01.180000,1.0
137,35.5999,-117.4108,5.77,2000-12-13T17:17:01.060000,1.0
138,35.8297,-117.6440,5.84,2000-12-13T17:18:01.270000,1.0
139,35.6202,-117.4214,6.48,2000-12-13T17:19:01.170000,1.0
140,35.8829,-117.6828,11.08,2000-12-13T17:20:01.120000,1.0
141,35.7192,-117.5459,5.31,2000-12-13T17:21:01.080000,1.0
142,35.6523,-117.4649,2.34,2000-12-13T17:22:01.070000,1.0
143,35.6988,-117.5885,7.18,2000-12-13T17:23:01.210000,1.0
144,35.9090,-117.7017,9.17,2000-12-13T17:24:01.100000,1.0
145,35.7101,-117.5647,7.21,2000-12-13T17:25:01.190000,1.0
146,35.9205,-117.7262,5.83,2000-12-13T17:26:01.160000,1.0
147,35.6113,-117.4626,4.34,2000-12-13T17:27:01.130000,1.0
148,35.8964,-117.6946,7.94,2000-12-13T17:28:01.150000,1.0
149,35.6702,-117.4861,3.61,2000-12-13T17:29:01.050000,1.0
150,35.9043,-117.6702,5.87,2000-12-13T17:30:01.180000,1.0
151,35.8959,-117.6662,5.47,2000-12-13T17:31:01.100000,1.0
152,35.9439,-117.6833,5.16,2000-12-13T17:32:01.070000,1.0
153,35.8939,-117.6723,7.10,2000-12-13T17:33:01.110000,1.0
154,35.9293,-117.7007,5.52,2000-12-13T17:34:01.160000,1.0
155,35.9257,-117.7210,8.07,2000-12-13T17:35:01.120000,1.0
156,35.5777,-117.6196,3.46,2000-12-13T17:36:01.000000,1.0
157,35.6034,-117.4227,5.37,2000-12-13T17:37:01.240000,1.0
158,35.6365,-117.4249,3.72,2000-12-13T17:38:01.180000,1.0
159,35.8783,-117.7093,5.04,2000-12-13T17:39:01.190000,1.0
160,35.7473,-117.5168,3.64,2000-12-13T17:40:00.920000,1.0
161,35.6809,-117.5296,8.14,2000-12-13T17:41:01.250000,1.0
162,35.6739,-117.4851,3.24,2000-12-13T17:42:01.030000,1.0
163,35.9660,-117.7055,5.51,2000-12-13T17:43:01.090000,1.0
164,35.9033,-117.7454,8.43,2000-12-13T17:44:01.100000,1.0
165,35.9263,-117.6981,5.25,2000-12-13T17:45:01.330000,1.0
166,35.7537,-117.5523,6.92,2000-12-13T17:46:01.170000,1.0
167,36.0543,-117.8427,3.72,2000-12-13T17:47:01.160000,1.0
168,36.0628,-117.8481,13.69,2000-12-13T17:48:01.340000,1.0
169,35.7229,-117.5245,5.24,2000-12-13T17:49:01.080000,1.0
170,35.5750,-117.6145,4.04,2000-12-13T17:50:01.060000,1.0
171,35.6783,-117.4770,1.38,2000-12-13T17:51:01.070000,1.0
172,35.9134,-117.6978,5.51,2000-12-13T17:52:01.170000,1.0
173,35.6755,-117.4815,0.09,2000-12-13T17:53:01.090000,1.0
174,35.6692,-117.5189,6.91,2000-12-13T17:54:01.280000,1.0
175,35.7294,-117.5271,5.71,2000-12-13T17:55:01.060000,1.0
176,35.7552,-117.5680,5.86,2000-12-13T17:56:01.070000,1.0
177,35.9172,-117.6814,6.16,2000-12-13T17:57:01.110000,1.0
178,35.6633,-117.4861,3.67,2000-12-13T17:58:01.120000,1.0
179,35.9594,-117.6950,5.45,2000-12-13T17:59:01.150000,1.0
180,35.5938,-117.4220,5.70,2000-12-13T18:00:01.180000,1.0
181,35.9096,-117.7357,7.94,2000-12-13T18:01:01.240000,1.0
182,35.9356,-117.7033,7.44,2000-12-13T18:02:01.150000,1.0
183,35.6950,-117.5024,5.45,2000-12-13T18:03:01.070000,1.0
184,35.9704,-117.6569,5.12,2000-12-13T18:04:01.080000,1.0
185,35.9308,-117.6738,5.44,2000-12-13T18:05:01.140000,1.0
186,35.8854,-117.6817,8.64,2000-12-13T18:06:01.100000,1.0
187,35.9465,-117.6916,5.35,2000-12-13T18:07:01.130000,1.0
188,35.9395,-117.6899,5.59,2000-12-13T18:08:01.120000,1.0
189,35.9163,-117.7307,8.38,2000-12-13T18:09:01.160000,1.0
190,35.7180,-117.5471,5.28,2000-12-13T18:10:01.060000,1.0
191,35.6043,-117.5759,3.51,2000-12-13T18:11:01.020000,1.0
192,35.8948,-117.6787,6.35,2000-12-13T18:12:01.200000,1.0
193,35.8778,-117.6866,8.02,2000-12-13T18:13:01.120000,1.0
194,35.9709,-117.6543,5.72,2000-12-13T18:14:01.110000,1.0
195,35.6830,-117.5113,6.40,2000-12-13T18:15:01.180000,1.0
196,35.6706,-117.4635,5.66,2000-12-13T18:16:01.110000,1.0
197,35.6319,-117.4733,4.77,2000-12-13T18:17:01.140000,1.0
198,35.6721,-117.5071,6.43,2000-12-13T18:18:01.190000,1.0
199,35.8890,-117.6740,8.44,2000-12-13T18:19:01.180000,1.0
200,36.0476,-117.8511,3.88,2000-12-13T18:20:01.080000,1.0
201,35.6589,-117.4837,2.54,2000-12-13T18:21:01.040000,1.0
202,35.6571,-117.4993,3.87,2000-12-13T18:22:01.060000,1.0
203,35.8946,-117.6730,5.71,2000-12-13T18:23:01.160000,1.0
204,35.7041,-117.4959,4.24,2000-12-13T18:24:01.000000,1.0
205,35.9073,-117.7227,6.15,2000-12-13T18:25:01.110000,1.0
206,35.8977,-117.6669,5.39,2000-12-13T18:26:01.140000,1.0
207,35.9782,-117.6550,4.49,2000-12-13T18:27:01.050000,1.0
208,35.7547,-117.5637,5.12,2000-12-13T18:28:01.040000,1.0
209,35.9247,-117.7076,5.32,2000-12-13T18:29:01.210000,1.0
210,35.9240,-117.7095,6.30,2000-12-13T18:30:01.230000,1.0
211,35.7238,-117.5415,5.48,2000-12-13T18:31:01.080000,1.0
212,35.9694,-117.6578,4.44,2000-12-13T18:32:01.100000,1.0
213,35.9157,-117.7110,5.09,2000-12-13T18:33:01.150000,1.0
214,35.5946,-117.6033,3.91,2000-12-13T18:34:01.030000,1.0
215,35.5787,-117.5893,3.66,2000-12-13T18:35:01.120000,1.0
216,35.9618,-117.6945,5.14,2000-12-13T18:36:01.120000,1.0
217,36.0485,-117.8359,3.70,2000-12-13T18:37:01.200000,1.0
218,35.9318,-117.6922,5.33,2000-12-13T18:38:01.110000,1.0
219,35.7168,-117.5413,4.41,2000-12-13T18:39:01.080000,1.0
220,35.6587,-117.4900,3.62,2000-12-13T18:40:01.040000,1.0
221,35.9493,-117.6793,4.80,2000-12-13T18:41:01.150000,1.0
222,35.9064,-117.7391,9.96,2000-12-13T18:42:01.110000,1.0
223,35.9055,-117.6728,4.89,2000-12-13T18:43:01.210000,1.0
224,36.0577,-117.8408,3.52,2000-12-13T18:44:01.020000,1.0
225,36.0625,-117.8328,4.98,2000-12-13T18:45:01.200000,1.0
226,35.6823,-117.5276,6.13,2000-12-13T18:46:01.170000,1.0
227,35.8836,-117.6842,8.11,2000-12-13T18:47:01.110000,1.0
228,35.9102,-117.7152,6.15,2000-12-13T18:48:01.180000,1.0
229,36.0466,-117.8378,3.98,2000-12-13T18:49:01.150000,1.0
230,35.9225,-117.6984,7.03,2000-12-13T18:50:01.210000,1.0
231,35.6111,-117.4724,4.55,2000-12-13T18:51:01.160000,1.0
232,35.5882,-117.3661,5.50,2000-12-13T18:52:01.280000,1.0
233,35.5744,-117.6210,4.63,2000-12-13T18:53:01.070000,1.0
234,35.9034,-117.6882,8.58,2000-12-13T18:54:01.100000,1.0
235,35.6897,-117.4871,0.71,2000-12-13T18:55:00.980000,1.0
236,35.6056,-117.5769,4.30,2000-12-13T18:56:01.130000,1.0
237,35.6104,-117.4347,5.86,2000-12-13T18:57:01.060000,1.0
238,35.8691,-117.6972,11.49,2000-12-13T18:58:01.050000,1.0
239,35.8934,-117.6599,5.11,2000-12-13T18:59:01.230000,1.0
240,35.6723,-117.5243,6.38,2000-12-13T19:00:01.200000,1.0
241,35.7759,-117.5667,6.52,2000-12-13T19:01:01.090000,1.0
242,35.9894,-117.6619,3.95,2000-12-13T19:02:01.140000,1.0
243,35.6378,-117.4433,5.14,2000-12-13T19:03:01.100000,1.0
244,35.9598,-117.6936,5.26,2000-12-13T19:04:01.200000,1.0
245,35.9620,-117.7084,5.44,2000-12-13T19:05:01.120000,1.0
246,35.9170,-117.7002,5.66,2000-12-13T19:06:01.110000,1.0
247,35.9692,-117.6482,4.50,2000-12-13T19:07:01.090000,1.0
248,35.9288,-117.6898,5.71,2000-12-13T19:08:01.060000,1.0
249,35.6812,-117.5133,6.53,2000-12-13T19:09:01.250000,1.0
250,35.6716,-117.4833,4.05,2000-12-13T19:10:00.980000,1.0
251,35.6972,-117.5326,7.19,2000-12-13T19:11:01.130000,1.0
252,35.8954,-117.7164,8.38,2000-12-13T19:12:01.170000,1.0
253,35.6879,-117.4649,5.91,2000-12-13T19:13:01.090000,1.0
254,35.6791,-117.4735,4.60,2000-12-13T19:14:01.010000,1.0
255,35.5970,-117.4028,7.21,2000-12-13T19:15:01.180000,1.0
256,35.9403,-117.6700,5.94,2000-12-13T19:16:01.160000,1.0
257,35.6821,-117.4946,2.23,2000-12-13T19:17:01.090000,1.0
258,35.7458,-117.5499,2.43,2000-12-13T19:18:00.980000,1.0
259,35.7382,-117.5247,5.09,2000-12-13T19:19:00.970000,1.0
260,35.9043,-117.6670,5.62,2000-12-13T19:20:01.140000,1.0
261,35.9287,-117.7150,5.64,2000-12-13T19:21:01.200000,1.0
262,35.6169,-117.4144,4.53,2000-12-13T19:22:01.150000,1.0
263,35.9194,-117.7279,8.57,2000-12-13T19:23:01.130000,1.0
264,35.8836,-117.7018,5.53,2000-12-13T19:24:01.120000,1.0
265,35.6087,-117.4182,5.21,2000-12-13T19:25:01.170000,1.0
266,35.7062,-117.5017,4.96,2000-12-13T19:26:00.990000,1.0
267,36.0556,-117.8487,4.50,2000-12-13T19:27:01.150000,1.0
268,35.7326,-117.5360,5.84,2000-12-13T19:28:01.060000,1.0
269,35.6327,-117.4282,4.19,2000-12-13T19:29:01.180000,1.0
270,35.9272,-117.7199,4.89,2000-12-13T19:30:01.110000,1.0
271,35.6488,-117.4321,3.50,2000-12-13T19:31:01.080000,1.0
272,35.6835,-117.5201,6.50,2000-12-13T19:32:01.140000,1.0
273,35.6625,-117.4798,5.54,2000-12-13T19:33:01.070000,1.0
274,35.6575,-117.4602,1.29,2000-12-13T19:34:01.080000,1.0
275,35.6488,-117.4475,2.68,2000-12-13T19:35:01.050000,1.0
276,35.9292,-117.7027,5.27,2000-12-13T19:36:01.170000,1.0
277,35.9709,-117.6556,4.95,2000-12-13T19:37:01.100000,1.0
278,35.6171,-117.4160,4.07,2000-12-13T19:38:01.070000,1.0
279,35.9618,-117.6906,5.59,2000-12-13T19:39:01.130000,1.0
280,35.8847,-117.6699,6.13,2000-12-13T19:40:01.090000,1.0
281,35.6562,-117.4566,5.01,2000-12-13T19:41:01.090000,1.0
282,35.5820,-117.6140,4.99,2000-12-13T19:42:01.100000,1.0
283,35.6160,-117.4474,5.44,2000-12-13T19:43:01.320000,1.0
284,35.5944,-117.4289,4.33,2000-12-13T19:44:01.170000,1.0
285,35.7387,-117.5537,4.18,2000-12-13T19:45:01.050000,1.0
286,35.9903,-117.6590,2.45,2000-12-13T19:46:01.130000,1.0
287,35.8901,-117.6565,9.29,2000-12-13T19:47:01.070000,1.0
288,35.9023,-117.7070,6.89,2000-12-13T19:48:01.160000,1.0
289,35.9614,-117.6900,5.64,2000-12-13T19:49:01.060000,1.0
290,35.7195,-117.4849,3.89,2000-12-13T19:50:00.900000,1.0
291,35.6388,-117.4256,4.28,2000-12-13T19:51:01.160000,1.0
292,35.6865,-117.4791,1.06,2000-12-13T19:52:00.960000,1.0
293,35.9213,-117.6743,5.55,2000-12-13T19:53:01.050000,1.0
294,35.8989,-117.6880,7.14,2000-12-13T19:54:01.200000,1.0
295,35.9320,-117.6880,3.83,2000-12-13T19:55:01.040000,1.0
296,35.6994,-117.5282,6.71,2000-12-13T19:56:01.190000,1.0
297,35.9233,-117.6914,5.27,2000-12-13T19:57:01.110000,1.0
298,35.6879,-117.5226,5.73,2000-12-13T19:58:01.130000,1.0
299,35.7198,-117.5079,3.30,2000-12-13T19:59:00.930000,1.0
300,35.7013,-117.5265,7.30,2000-12-13T20:00:01.220000,1.0
301,35.7067,-117.5705,5.16,2000-12-13T20:01:01.090000,1.0
302,35.6331,-117.4213,5.04,2000-12-13T20:02:01.160000,1.0
303,35.7611,-117.5610,7.00,2000-12-13T20:03:01.180000,1.0
304,35.9857,-117.6564,4.35,2000-12-13T20:04:01.080000,1.0
305,35.8943,-117.6670,6.17,2000-12-13T20:05:01.160000,1.0
306,35.6449,-117.4399,3.60,2000-12-13T20:06:01.060000,1.0
307,35.9197,-117.6845,5.80,2000-12-13T20:07:01.100000,1.0
308,35.9186,-117.6688,5.75,2000-12-13T20:08:01.110000,1.0
309,35.6592,-117.4933,5.57,2000-12-13T20:09:01.090000,1.0
310,35.6186,-117.4157,5.61,2000-12-13T20:10:01.100000,1.0
311,35.6047,-117.5845,3.30,2000-12-13T20:11:01.100000,1.0
312,35.5942,-117.5951,3.89,2000-12-13T20:12:01.050000,1.0
313,35.5993,-117.3914,8.12,2000-12-13T20:13:01.160000,1.0
314,35.6346,-117.4268,2.99,2000-12-13T20:14:01.180000,1.0
315,35.7164,-117.4961,3.47,2000-12-13T20:15:00.920000,1.0
316,35.7340,-117.5269,4.67,2000-12-13T20:16:00.990000,1.0
317,36.0672,-117.8474,3.44,2000-12-13T20:17:00.840000,1.0
318,35.9482,-117.6897,6.10,2000-12-13T20:18:01.170000,1.0
319,35.9311,-117.6970,5.10,2000-12-13T20:19:01.170000,1.0
320,35.8947,-117.7175,7.71,2000-12-13T20:20:01.120000,1.0
321,35.9386,-117.6850,5.47,2000-12-13T20:21:01.130000,1.0
322,35.5989,-117.5863,3.69,2000-12-13T20:22:01.120000,1.0
323,35.7075,-117.5402,4.83,2000-12-13T20:23:01.030000,1.0
324,35.6716,-117.4782,3.84,2000-12-13T20:24:01.040000,1.0
325,35.6248,-117.5882,6.86,2000-12-13T20:25:01.360000,1.0
326,35.9953,-117.6444,5.77,2000-12-13T20:26:01.080000,1.0
327,35.7624,-117.5588,6.16,2000-12-13T20:27:01.160000,1.0
328,35.7512,-117.5619,5.83,2000-12-13T20:28:01.050000,1.0
329,35.9125,-117.7128,6.96,2000-12-13T20:29:01.150000,1.0
330,35.9039,-117.6982,9.04,2000-12-13T20:30:01.160000,1.0
331,35.6686,-117.4779,1.67,2000-12-13T20:31:01.090000,1.0
332,35.9081,-117.6833,5.73,2000-12-13T20:32:01.150000,1.0
333,35.8882,-117.6755,5.76,2000-12-13T20:33:01.130000,1.0
334,35.6107,-117.4205,7.43,2000-12-13T20:34:01.230000,1.0
335,35.9303,-117.7013,5.49,2000-12-13T20:35:01.130000,1.0
336,35.6306,-117.4405,5.78,2000-12-13T20:36:01.200000,1.0
337,35.6464,-117.4310,4.94,2000-12-13T20:37:01.090000,1.0
338,35.8953,-117.6962,8.10,2000-12-13T20:38:01.100000,1.0
339,35.7290,-117.5650,6.59,2000-12-13T20:39:01.170000,1.0
340,35.6352,-117.4305,4.10,2000-12-13T20:40:01.130000,1.0
341,35.8850,-117.7119,5.44,2000-12-13T20:41:01.130000,1.0
342,35.8973,-117.7318,9.02,2000-12-13T20:42:01.150000,1.0
343,35.8576,-117.6606,8.38,2000-12-13T20:43:01.190000,1.0
344,35.6834,-117.4945,3.44,2000-12-13T20:44:01.040000,1.0
345,35.6334,-117.4352,3.21,2000-12-13T20:45:01.140000,1.0
346,35.9044,-117.6814,5.35,2000-12-13T20:46:01.150000,1.0
347,35.6139,-117.5814,4.47,2000-12-13T20:47:01.200000,1.0
348,35.9541,-117.6692,3.98,2000-12-13T20:48:01.100000,1.0
349,36.0631,-117.8449,5.22,2000-12-13T20:49:01.190000,1.0
350,35.6570,-117.4864,5.24,2000-12-13T20:50:01.070000,1.0
351,35.9128,-117.6665,5.42,2000-12-13T20:51:01.080000,1.0
352,35.8887,-117.6769,3.88,2000-12-13T20:52:01.240000,1.0
353,35.6355,-117.4351,3.11,2000-12-13T20:53:01.110000,1.0
354,35.8440,-117.6584,5.61,2000-12-13T20:54:01.320000,1.0
355,35.9399,-117.6909,5.40,2000-12-13T20:55:01.230000,1.0
356,35.7494,-117.5391,4.43,2000-12-13T20:56:00.970000,1.0
357,35.6153,-117.4601,3.85,2000-12-13T20:57:01.190000,1.0
358,35.9739,-117.6659,4.71,2000-12-13T20:58:01.180000,1.0
359,35.9405,-117.6784,5.07,2000-12-13T20:59:01.160000,1.0
360,35.7172,-117.5484,5.52,2000-12-13T21:00:01.080000,1.0
361,35.8414,-117.6428,5.67,2000-12-13T21:01:01.280000,1.0
362,36.0510,-117.8664,4.43,2000-12-13T21:02:01.080000,1.0
363,36.0192,-117.8683,1.97,2000-12-13T21:03:01.090000,1.0
364,35.5783,-117.6162,4.53,2000-12-13T21:04:01.130000,1.0
365,35.6888,-117.5121,6.60,2000-12-13T21:05:01.150000,1.0
366,35.9765,-117.6735,4.86,2000-12-13T21:06:01.160000,1.0
367,35.9108,-117.6906,7.83,2000-12-13T21:07:01.180000,1.0
368,35.6092,-117.5813,5.59,2000-12-13T21:08:01.100000,1.0
369,35.9400,-117.6806,5.24,2000-12-13T21:09:01.080000,1.0
370,35.8346,-117.6482,6.92,2000-12-13T21:10:01.230000,1.0
371,35.6255,-117.4434,4.86,2000-12-13T21:11:01.150000,1.0
372,35.6521,-117.4562,4.39,2000-12-13T21:12:01.130000,1.0
373,35.6739,-117.4576,6.06,2000-12-13T21:13:01.080000,1.0
374,35.9358,-117.6870,4.83,2000-12-13T21:14:01.190000,1.0
375,35.6643,-117.4616,2.98,2000-12-13T21:15:01.010000,1.0
376,35.6792,-117.4676,2.09,2000-12-13T21:16:01.010000,1.0
377,35.8928,-117.7149,6.45,2000-12-13T21:17:01.160000,1.0
378,35.7007,-117.5781,7.97,2000-12-13T21:18:01.200000,1.0
379,36.0314,-117.8407,4.75,2000-12-13T21:19:01.210000,1.0
380,35.6434,-117.4631,4.33,2000-12-13T21:20:01.120000,1.0
381,35.9247,-117.7224,6.56,2000-12-13T21:21:01.260000,1.0
382,35.5673,-117.6281,3.76,2000-12-13T21:22:00.860000,1.0
383,35.5963,-117.3508,5.44,2000-12-13T21:23:01.180000,1.0
384,35.6638,-117.4500,2.42,2000-12-13T21:24:01.120000,1.0
385,35.8805,-117.6950,6.96,2000-12-13T21:25:01.200000,1.0
386,35.9500,-117.6833,4.85,2000-12-13T21:26:01.080000,1.0
387,35.9055,-117.6661,5.26,2000-12-13T21:27:01.110000,1.0
388,35.9057,-117.6554,6.80,2000-12-13T21:28:01.130000,1.0
389,35.9042,-117.6923,5.83,2000-12-13T21:29:01.120000,1.0
390,35.9190,-117.7253,6.67,2000-12-13T21:30:01.210000,1.0
391,35.6091,-117.4275,4.15,2000-12-13T21:31:01.190000,1.0
392,35.8935,-117.6749,6.84,2000-12-13T21:32:01.220000,1.0
393,35.6397,-117.4579,3.77,2000-12-13T21:33:01.160000,1.0
394,35.6330,-117.4479,5.43,2000-12-13T21:34:01.140000,1.0
395,35.9031,-117.6675,5.36,2000-12-13T21:35:01.090000,1.0
396,35.8770,-117.6994,5.24,2000-12-13T21:36:01.240000,1.0
397,35.6070,-117.4330,5.46,2000-12-13T21:37:01.160000,1.0
398,35.7045,-117.5172,6.79,2000-12-13T21:38:01.190000,1.0
399,35.9497,-117.6837,5.20,2000-12-13T21:39:01.150000,1.0
400,35.5987,-117.5921,4.38,2000-12-13T21:40:01.020000,1.0
401,35.8827,-117.6841,7.51,2000-12-13T21:41:01.150000,1.0
402,35.9143,-117.7456,7.23,2000-12-13T21:42:01.240000,1.0
403,35.6210,-117.4390,4.00,2000-12-13T21:43:01.200000,1.0
404,35.5994,-117.5947,3.96,2000-12-13T21:44:01.060000,1.0
405,35.9078,-117.6704,5.45,2000-12-13T21:45:01.140000,1.0
406,35.9551,-117.7142,5.49,2000-12-13T21:46:01.110000,1.0
407,35.9325,-117.6767,4.91,2000-12-13T21:47:01.120000,1.0
408,35.6484,-117.4561,2.70,2000-12-13T21:48:01.090000,1.0
409,35.6671,-117.5178,6.70,2000-12-13T21:49:01.250000,1.0
410,35.6384,-117.4342,4.73,2000-12-13T21:50:01.140000,1.0
411,35.8217,-117.6307,4.64,2000-12-13T21:51:01.290000,1.0
412,35.6473,-117.4458,3.22,2000-12-13T21:52:01.110000,1.0
413,35.6367,-117.4596,3.25,2000-12-13T21:53:01.090000,1.0
414,35.6920,-117.5227,6.89,2000-12-13T21:54:01.210000,1.0
415,35.9763,-117.6638,5.45,2000-12-13T21:55:01.140000,1.0
416,36.0445,-117.8420,3.86,2000-12-13T21:56:01.150000,1.0
417,35.9741,-117.6517,4.77,2000-12-13T21:57:01.140000,1.0
418,35.9884,-117.6604,4.84,2000-12-13T21:58:01.180000,1.0
419,35.6613,-117.5326,8.96,2000-12-13T21:59:01.180000,1.0
420,35.6110,-117.3870,6.34,2000-12-13T22:00:01.160000,1.0
421,35.6243,-117.4131,4.64,2000-12-13T22:01:01.140000,1.0
422,36.0531,-117.8433,4.00,2000-12-13T22:02:01.200000,1.0
423,35.5897,-117.4238,4.87,2000-12-13T22:03:01.190000,1.0
424,35.8983,-117.6737,6.47,2000-12-13T22:04:01.110000,1.0
425,35.8977,-117.6640,7.88,2000-12-13T22:05:01.210000,1.0
426,35.6817,-117.4875,1.12,2000-12-13T22:06:01.010000,1.0
427,35.6791,-117.4793,1.07,2000-12-13T22:07:01.060000,1.0
428,35.9653,-117.6944,5.54,2000-12-13T22:08:01.110000,1.0
429,35.9188,-117.6825,5.69,2000-12-13T22:09:01.130000,1.0
430,35.6830,-117.4827,1.52,2000-12-13T22:10:01.080000,1.0
431,35.7602,-117.5710,8.10,2000-12-13T22:11:01.190000,1.0
432,35.6357,-117.4367,4.75,2000-12-13T22:12:01.150000,1.0
433,35.6672,-117.5190,7.49,2000-12-13T22:13:01.160000,1.0
434,36.0432,-117.8716,3.85,2000-12-13T22:14:01.100000,1.0
435,35.9429,-117.6898,5.53,2000-12-13T22:15:01.070000,1.0
436,35.6749,-117.5120,6.35,2000-12-13T22:16:01.240000,1.0
437,35.9148,-117.7206,6.57,2000-12-13T22:17:01.200000,1.0
438,35.6263,-117.4307,5.68,2000-12-13T22:18:01.150000,1.0
439,35.6596,-117.4582,7.06,2000-12-13T22:19:01.190000,1.0
440,35.6129,-117.4619,5.06,2000-12-13T22:20:01.170000,1.0
441,35.9113,-117.7096,7.77,2000-12-13T22:21:01.100000,1.0
442,35.7747,-117.5389,5.14,2000-12-13T22:22:00.980000,1.0
443,35.9682,-117.6542,5.04,2000-12-13T22:23:01.130000,1.0
444,35.7111,-117.4978,4.45,2000-12-13T22:24:00.990000,1.0
445,35.7469,-117.5455,3.96,2000-12-13T22:25:01.010000,1.0
446,35.7023,-117.5004,8.11,2000-12-13T22:26:01.190000,1.0
447,35.9009,-117.6816,5.46,2000-12-13T22:27:01.110000,1.0
448,35.5789,-117.6167,2.93,2000-12-13T22:28:00.960000,1.0
449,35.5838,-117.3500,3.43,2000-12-13T22:29:01.420000,1.0
450,35.9698,-117.6514,5.17,2000-12-13T22:30:01.070000,1.0
451,35.5732,-117.5937,4.62,2000-12-13T22:31:01.130000,1.0
452,35.9232,-117.7022,7.15,2000-12-13T22:32:01.150000,1.0
453,35.6721,-117.4876,2.87,2000-12-13T22:33:01.040000,1.0
454,35.9163,-117.6790,5.64,2000-12-13T22:34:01.120000,1.0
455,35.8244,-117.6416,5.37,2000-12-13T22:35:01.230000,1.0
456,35.6677,-117.5233,8.57,2000-12-13T22:36:01.220000,1.0
457,35.6471,-117.4577,3.49,2000-12-13T22:37:01.090000,1.0
458,35.7082,-117.5683,7.13,2000-12-13T22:38:01.230000,1.0
459,35.6366,-117.4322,6.05,2000-12-13T22:39:01.140000,1.0
460,35.5787,-117.6169,3.39,2000-12-13T22:40:00.990000,1.0
461,35.6782,-117.5095,6.35,2000-12-13T22:41:01.150000,1.0
462,35.7730,-117.5535,5.79,2000-12-13T22:42:01.080000,1.0
463,35.7564,-117.5583,6.18,2000-12-13T22:43:01.190000,1.0
464,35.6053,-117.4019,7.25,2000-12-13T22:44:01.170000,1.0
465,35.9652,-117.7035,5.63,2000-12-13T22:45:01.070000,1.0
466,35.9001,-117.6858,8.04,2000-12-13T22:46:01.220000,1.0
467,35.7291,-117.5408,5.94,2000-12-13T22:47:01.150000,1.0
468,35.9077,-117.6692,4.88,2000-12-13T22:48:01.090000,1.0
469,35.8870,-117.6596,6.49,2000-12-13T22:49:01.140000,1.0
470,35.7749,-117.5542,5.75,2000-12-13T22:50:01.060000,1.0
471,35.5870,-117.6094,5.09,2000-12-13T22:51:01.120000,1.0
472,35.7005,-117.5078,5.32,2000-12-13T22:52:01.030000,1.0
473,35.5812,-117.3559,6.01,2000-12-13T22:53:01.270000,1.0
474,35.8949,-117.7047,7.84,2000-12-13T22:54:01.130000,1.0
475,35.6817,-117.4880,1.33,2000-12-13T22:55:00.980000,1.0
476,35.9257,-117.6797,5.33,2000-12-13T22:56:01.060000,1.0
477,35.6769,-117.4692,5.33,2000-12-13T22:57:01.100000,1.0
478,35.7493,-117.5528,8.71,2000-12-13T22:58:01.140000,1.0
479,36.0556,-117.8472,5.49,2000-12-13T22:59:01.250000,1.0
480,35.6583,-117.5184,7.40,2000-12-13T23:00:01.220000,1.0
481,36.0564,-117.8333,3.97,2000-12-13T23:01:01.210000,1.0
482,35.8829,-117.6611,9.66,2000-12-13T23:02:01.220000,1.0
483,35.9034,-117.6724,9.87,2000-12-13T23:03:01.090000,1.0
484,35.6494,-117.4437,3.00,2000-12-13T23:04:01.120000,1.0
485,35.6546,-117.4496,4.32,2000-12-13T23:05:01.100000,1.0
486,35.8830,-117.6779,6.26,2000-12-13T23:06:01.110000,1.0
487,35.8308,-117.6478,6.03,2000-12-13T23:07:01.240000,1.0
488,35.8965,-117.6680,5.08,2000-12-13T23:08:01.180000,1.0
489,35.5741,-117.6294,4.65,2000-12-13T23:09:01.060000,1.0
490,35.5745,-117.3506,4.65,2000-12-13T23:10:01.270000,1.0
491,35.9117,-117.7059,5.54,2000-12-13T23:11:01.200000,1.0
492,35.6884,-117.4925,5.65,2000-12-13T23:12:01.150000,1.0
493,35.9272,-117.7067,6.20,2000-12-13T23:13:01.110000,1.0
494,35.7043,-117.5734,6.77,2000-12-13T23:14:01.160000,1.0
495,35.9617,-117.6829,5.22,2000-12-13T23:15:01.120000,1.0
496,35.8961,-117.6964,9.02,2000-12-13T23:16:01.130000,1.0
497,35.6501,-117.4447,5.14,2000-12-13T23:17:01.100000,1.0
498,35.9414,-117.6945,7.39,2000-12-13T23:18:01.270000,1.0
499,35.6802,-117.5097,6.30,2000-12-13T23:19:01.140000,1.0
500,35.6257,-117.4322,6.63,2000-12-13T23:20:01.130000,1.0
501,35.6490,-117.4471,3.44,2000-12-13T23:21:01.100000,1.0
502,35.6950,-117.5151,5.59,2000-12-13T23:22:01.090000,1.0
503,35.6069,-117.4225,6.78,2000-12-13T23:23:01.240000,1.0
504,35.6613,-117.4432,3.81,2000-12-13T23:24:01.030000,1.0
505,35.8999,-117.6948,5.53,2000-12-13T23:25:01.130000,1.0
506,35.6703,-117.4800,3.76,2000-12-13T23:26:01.080000,1.0
507,35.9405,-117.6562,5.26,2000-12-13T23:27:01.100000,1.0
508,36.0598,-117.8353,3.85,2000-12-13T23:28:01.160000,1.0
509,35.5565,-117.3211,9.09,2000-12-13T23:29:00.910000,1.0
510,35.9822,-117.6599,4.92,2000-12-13T23:30:01.150000,1.0
511,35.8866,-117.6707,9.34,2000-12-13T23:31:01.120000,1.0
512,35.6114,-117.4148,4.16,2000-12-13T23:32:01.180000,1.0
513,35.6629,-117.4808,5.24,2000-12-13T23:33:01.070000,1.0
514,35.9303,-117.7045,6.21,2000-12-13T23:34:01.170000,1.0
515,35.8801,-117.6869,8.98,2000-12-13T23:35:01.170000,1.0
516,36.0629,-117.8387,3.92,2000-12-13T23:36:01.130000,1.0
517,35.8969,-117.7220,8.34,2000-12-13T23:37:01.240000,1.0
518,35.6746,-117.5154,6.46,2000-12-13T23:38:01.120000,1.0
519,35.9080,-117.6693,5.45,2000-12-13T23:39:01.160000,1.0
520,35.7210,-117.5414,4.70,2000-12-13T23:40:01.050000,1.0
521,35.9584,-117.6814,4.93,2000-12-13T23:41:01.080000,1.0
522,35.8911,-117.6940,10.95,2000-12-13T23:42:01.060000,1.0
523,35.9532,-117.6948,5.64,2000-12-13T23:43:01.110000,1.0
524,35.5950,-117.4193,5.27,2000-12-13T23:44:01.220000,1.0
525,35.7574,-117.5680,6.42,2000-12-13T23:45:01.190000,1.0
526,35.6957,-117.5087,5.24,2000-12-13T23:46:01.090000,1.0
527,35.6857,-117.5191,5.79,2000-12-13T23:47:01.120000,1.0
528,35.9072,-117.6864,5.88,2000-12-13T23:48:01.140000,1.0
529,35.8862,-117.6852,5.22,2000-12-13T23:49:01.210000,1.0
530,35.9659,-117.6954,5.12,2000-12-13T23:50:01.100000,1.0
531,35.9154,-117.7251,6.15,2000-12-13T23:51:01.130000,1.0
532,35.6789,-117.5078,4.78,2000-12-13T23:52:01.070000,1.0
533,36.0719,-117.8433,5.04,2000-12-13T23:53:01.190000,1.0
534,35.7137,-117.4949,4.22,2000-12-13T23:54:01.020000,1.0
535,36.0354,-117.8467,4.84,2000-12-13T23:55:01.160000,1.0
536,35.6569,-117.4379,5.58,2000-12-13T23:56:01.070000,1.0
537,35.7740,-117.5577,6.06,2000-12-13T23:57:01.150000,1.0
538,35.8661,-117.6641,8.81,2000-12-13T23:58:01.160000,1.0
539,35.9086,-117.7175,5.88,2000-12-13T23:59:01.160000,1.0
540,35.6306,-117.4244,3.75,2000-12-14T00:00:01.060000,1.0
541,35.8972,-117.7170,11.40,2000-12-14T00:01:01.110000,1.0
542,35.9407,-117.6894,5.56,2000-12-14T00:02:01.080000,1.0
543,35.6432,-117.4527,5.35,2000-12-14T00:03:01.060000,1.0
544,35.6949,-117.5289,7.82,2000-12-14T00:04:01.290000,1.0
545,35.5656,-117.3265,5.59,2000-12-14T00:05:01.230000,1.0
546,35.6879,-117.4707,5.61,2000-12-14T00:06:01.030000,1.0
547,35.8989,-117.7111,7.94,2000-12-14T00:07:01.180000,1.0
548,35.8911,-117.6794,8.70,2000-12-14T00:08:01.180000,1.0
549,35.7744,-117.5477,5.70,2000-12-14T00:09:01.040000,1.0
550,35.9247,-117.6965,5.28,2000-12-14T00:10:01.190000,1.0
551,36.0639,-117.8497,5.15,2000-12-14T00:11:01.170000,1.0
552,35.8795,-117.6843,9.06,2000-12-14T00:12:01.220000,1.0
553,35.7226,-117.5173,3.11,2000-12-14T00:13:00.910000,1.0
554,35.6722,-117.4750,3.63,2000-12-14T00:14:01.040000,1.0
555,35.8958,-117.7154,6.50,2000-12-14T00:15:01.220000,1.0
556,36.0431,-117.8643,3.62,2000-12-14T00:16:01.190000,1.0
557,35.6726,-117.5091,4.41,2000-12-14T00:17:01.110000,1.0
558,35.7193,-117.5592,6.36,2000-12-14T00:18:01.120000,1.0
559,35.9328,-117.6815,5.05,2000-12-14T00:19:01.100000,1.0
560,35.8927,-117.7277,7.05,2000-12-14T00:20:01.140000,1.0
561,35.7423,-117.5498,4.04,2000-12-14T00:21:01.080000,1.0
562,35.9200,-117.6994,5.80,2000-12-14T00:22:01.130000,1.0
563,36.0321,-117.8379,4.83,2000-12-14T00:23:01.230000,1.0
564,35.6303,-117.4526,5.32,2000-12-14T00:24:01.190000,1.0
565,35.8769,-117.6851,8.66,2000-12-14T00:25:01.070000,1.0
566,35.6552,-117.4488,3.43,2000-12-14T00:26:01.110000,1.0
567,35.6917,-117.5020,6.27,2000-12-14T00:27:01.140000,1.0
568,35.6873,-117.5053,6.48,2000-12-14T00:28:01.140000,1.0
569,35.9480,-117.6894,5.36,2000-12-14T00:29:01.110000,1.0
570,35.9259,-117.7078,5.12,2000-12-14T00:30:01.150000,1.0
571,35.8953,-117.7003,6.82,2000-12-14T00:31:01.180000,1.0
572,35.6900,-117.5233,6.87,2000-12-14T00:32:01.200000,1.0
573,35.8925,-117.6768,8.79,2000-12-14T00:33:01.090000,1.0
574,35.7112,-117.4957,5.51,2000-12-14T00:34:01.020000,1.0
575,36.0432,-117.8597,3.43,2000-12-14T00:35:01.200000,1.0
576,35.6063,-117.5794,4.63,2000-12-14T00:36:01.100000,1.0
577,35.6792,-117.5037,6.49,2000-12-14T00:37:01.110000,1.0
578,35.9056,-117.6691,5.67,2000-12-14T00:38:01.190000,1.0
579,35.8498,-117.6412,5.75,2000-12-14T00:39:01.310000,1.0
580,35.8891,-117.7272,8.81,2000-12-14T00:40:01.140000,1.0
581,35.6484,-117.4436,4.25,2000-12-14T00:41:01.110000,1.0
582,35.9117,-117.6835,6.18,2000-12-14T00:42:01.150000,1.0
583,35.6644,-117.5257,7.71,2000-12-14T00:43:01.280000,1.0
584,35.6559,-117.4519,1.68,2000-12-14T00:44:01.060000,1.0
585,35.9903,-117.6516,5.38,2000-12-14T00:45:01.060000,1.0
586,35.9826,-117.6618,5.19,2000-12-14T00:46:01.110000,1.0
587,35.9206,-117.7031,7.59,2000-12-14T00:47:01.160000,1.0
588,35.9174,-117.7248,6.22,2000-12-14T00:48:01.180000,1.0
589,35.9792,-117.6683,5.03,2000-12-14T00:49:01.240000,1.0
590,35.6329,-117.4530,4.86,2000-12-14T00:50:01.150000,1.0
591,35.6236,-117.4113,8.23,2000-12-14T00:51:01.130000,1.0
592,35.8809,-117.6817,9.25,2000-12-14T00:52:01.160000,1.0
593,35.5904,-117.4276,5.16,2000-12-14T00:53:01.160000,1.0
594,35.9213,-117.6536,5.29,2000-12-14T00:54:01.120000,1.0
595,35.8894,-117.6845,9.43,2000-12-14T00:55:01.210000,1.0
596,35.6470,-117.4478,4.08,2000-12-14T00:56:01.120000,1.0
597,35.6806,-117.4991,5.01,2000-12-14T00:57:01.030000,1.0
598,35.6591,-117.4712,2.03,2000-12-14T00:58:01.050000,1.0
599,35.8869,-117.6978,5.75,2000-12-14T00:59:01.190000,1.0
600,35.8903,-117.6759,8.94,2000-12-14T01:00:01.070000,1.0
601,35.6738,-117.4963,2.80,2000-12-14T01:01:01.030000,1.0
602,35.9556,-117.6745,5.23,2000-12-14T01:02:01.100000,1.0
603,35.5705,-117.3424,3.46,2000-12-14T01:03:01.420000,1.0
604,35.7490,-117.5601,4.47,2000-12-14T01:04:01.120000,1.0
605,35.7263,-117.5305,4.71,2000-12-14T01:05:01.080000,1.0
606,35.5837,-117.3423,5.22,2000-12-14T01:06:01.280000,1.0
607,35.9643,-117.6851,6.07,2000-12-14T01:07:01.070000,1.0
608,35.7202,-117.5434,4.14,2000-12-14T01:08:01.010000,1.0
609,35.8331,-117.6334,5.76,2000-12-14T01:09:01.260000,1.0
610,35.7152,-117.5261,6.60,2000-12-14T01:10:01.090000,1.0
611,36.0450,-117.8720,4.94,2000-12-14T01:11:01.250000,1.0
612,35.6687,-117.4738,5.48,2000-12-14T01:12:01.050000,1.0
613,36.0528,-117.8436,3.77,2000-12-14T01:13:01.190000,1.0
614,35.7145,-117.5543,7.68,2000-12-14T01:14:01.180000,1.0
615,35.6079,-117.5742,3.84,2000-12-14T01:15:01.090000,1.0
616,35.6931,-117.5022,5.60,2000-12-14T01:16:00.990000,1.0
617,35.9596,-117.6905,7.61,2000-12-14T01:17:01.160000,1.0
618,35.6638,-117.4355,4.50,2000-12-14T01:18:01.050000,1.0
619,35.8969,-117.7146,7.87,2000-12-14T01:19:01.190000,1.0
620,36.0325,-117.8511,3.92,2000-12-14T01:20:01.130000,1.0
621,35.9136,-117.6886,5.85,2000-12-14T01:21:01.100000,1.0
622,35.9451,-117.6790,5.29,2000-12-14T01:22:01.140000,1.0
623,35.5751,-117.5939,3.03,2000-12-14T01:23:00.970000,1.0
624,35.5816,-117.3525,5.28,2000-12-14T01:24:01.300000,1.0
625,35.9224,-117.7027,7.96,2000-12-14T01:25:01.150000,1.0
626,36.0383,-117.8391,4.07,2000-12-14T01:26:01.150000,1.0
627,35.5766,-117.5933,4.91,2000-12-14T01:27:01.100000,1.0
628,35.6888,-117.5235,7.58,2000-12-14T01:28:01.170000,1.0
629,35.6881,-117.5108,6.74,2000-12-14T01:29:01.160000,1.0
630,35.8967,-117.7038,8.76,2000-12-14T01:30:01.150000,1.0
631,35.9284,-117.7077,5.62,2000-12-14T01:31:01.210000,1.0
632,35.7001,-117.5170,7.67,2000-12-14T01:32:01.230000,1.0
633,35.7066,-117.4938,4.77,2000-12-14T01:33:00.970000,1.0
634,35.6344,-117.4357,6.04,2000-12-14T01:34:01.180000,1.0
635,35.9215,-117.6892,6.78,2000-12-14T01:35:01.160000,1.0
636,35.8203,-117.6374,5.35,2000-12-14T01:36:01.190000,1.0
637,35.8840,-117.6773,7.16,2000-12-14T01:37:01.220000,1.0
638,35.7105,-117.5616,7.78,2000-12-14T01:38:01.160000,1.0
639,35.9244,-117.7005,7.37,2000-12-14T01:39:01.130000,1.0
640,35.9066,-117.7056,6.38,2000-12-14T01:40:01.190000,1.0
641,35.7179,-117.5115,3.85,2000-12-14T01:41:00.990000,1.0
642,35.7502,-117.5439,4.18,2000-12-14T01:42:01.020000,1.0
643,35.9218,-117.7164,5.47,2000-12-14T01:43:01.220000,1.0
644,35.6098,-117.4217,6.19,2000-12-14T01:44:01.160000,1.0
645,35.9290,-117.6621,5.01,2000-12-14T01:45:01.140000,1.0
646,35.7196,-117.5607,6.44,2000-12-14T01:46:01.180000,1.0
647,35.9756,-117.6523,4.54,2000-12-14T01:47:01.030000,1.0
648,35.6019,-117.4292,5.90,2000-12-14T01:48:01.160000,1.0
649,35.7436,-117.5383,3.58,2000-12-14T01:49:01.000000,1.0
650,35.8966,-117.7176,6.87,2000-12-14T01:50:01.190000,1.0
651,35.9615,-117.7074,5.76,2000-12-14T01:51:01.170000,1.0
652,35.6764,-117.4706,3.97,2000-12-14T01:52:01.060000,1.0
653,35.6656,-117.5076,7.02,2000-12-14T01:53:01.240000,1.0
654,35.9565,-117.6980,5.36,2000-12-14T01:54:01.110000,1.0
655,35.5741,-117.6175,4.25,2000-12-14T01:55:01.060000,1.0
656,35.8963,-117.6764,5.81,2000-12-14T01:56:01.160000,1.0
657,35.9419,-117.6894,5.38,2000-12-14T01:57:01.140000,1.0
658,35.8936,-117.6714,7.76,2000-12-14T01:58:01.110000,1.0
659,35.6827,-117.4651,4.62,2000-12-14T01:59:01.000000,1.0
660,35.6749,-117.4650,3.79,2000-12-14T02:00:01.040000,1.0
661,35.6769,-117.4768,2.79,2000-12-14T02:01:01.040000,1.0
662,35.5931,-117.3702,5.20,2000-12-14T02:02:01.350000,1.0
663,35.8923,-117.6656,5.79,2000-12-14T02:03:01.140000,1.0
664,35.9038,-117.6714,5.48,2000-12-14T02:04:01.130000,1.0
665,35.9366,-117.6795,5.39,2000-12-14T02:05:01.100000,1.0
666,35.6691,-117.5180,7.66,2000-12-14T02:06:01.190000,1.0
667,36.0407,-117.8742,4.78,2000-12-14T02:07:01.130000,1.0
668,35.9050,-117.6729,5.83,2000-12-14T02:08:01.120000,1.0
669,35.8807,-117.7012,6.66,2000-12-14T02:09:01.290000,1.0
670,35.6442,-117.4548,2.91,2000-12-14T02:10:01.070000,1.0
671,35.8703,-117.6672,10.31,2000-12-14T02:11:01.090000,1.0
672,35.6941,-117.5219,7.24,2000-12-14T02:12:01.170000,1.0
673,35.8324,-117.6297,5.87,2000-12-14T02:13:01.210000,1.0
674,36.0762,-117.8461,6.42,2000-12-14T02:14:01.220000,1.0
675,35.6615,-117.5166,7.36,2000-12-14T02:15:01.240000,1.0
676,36.0570,-117.8475,4.57,2000-12-14T02:16:01.140000,1.0
677,35.6861,-117.5380,7.38,2000-12-14T02:17:01.220000,1.0
678,35.6387,-117.4329,6.24,2000-12-14T02:18:01.150000,1.0
679,35.9163,-117.7049,6.87,2000-12-14T02:19:01.130000,1.0
680,35.7537,-117.5685,8.22,2000-12-14T02:20:01.160000,1.0
681,35.6052,-117.4301,5.46,2000-12-14T02:21:01.180000,1.0
682,35.7692,-117.5477,5.72,2000-12-14T02:22:01.130000,1.0
683,35.9020,-117.6999,7.17,2000-12-14T02:23:01.140000,1.0
684,35.6954,-117.4972,4.76,2000-12-14T02:24:01.000000,1.0
685,35.6317,-117.4550,4.89,2000-12-14T02:25:01.120000,1.0
686,35.6350,-117.4353,4.05,2000-12-14T02:26:01.110000,1.0
687,35.7139,-117.5524,4.77,2000-12-14T02:27:01.090000,1.0
688,35.5877,-117.4304,5.66,2000-12-14T02:28:01.260000,1.0
689,35.5782,-117.6143,3.23,2000-12-14T02:29:01.030000,1.0
690,35.6602,-117.4422,3.38,2000-12-14T02:30:01.140000,1.0
691,35.8996,-117.6723,8.11,2000-12-14T02:31:01.130000,1.0
692,35.7125,-117.5066,5.36,2000-12-14T02:32:01.050000,1.0
693,35.6956,-117.4981,5.74,2000-12-14T02:33:01.070000,1.0
694,36.0640,-117.8339,3.92,2000-12-14T02:34:01.180000,1.0
695,35.9584,-117.6577,5.31,2000-12-14T02:35:01.130000,1.0
696,35.6702,-117.5216,7.06,2000-12-14T02:36:01.250000,1.0
697,36.0544,-117.8441,3.63,2000-12-14T02:37:01.120000,1.0
698,35.6933,-117.5195,5.32,2000-12-14T02:38:01.170000,1.0
699,35.6144,-117.5762,6.59,2000-12-14T02:39:01.180000,1.0
700,35.6071,-117.4052,6.64,2000-12-14T02:40:01.180000,1.0
701,35.6689,-117.4840,1.54,2000-12-14T02:41:01.060000,1.0
702,35.7405,-117.5501,3.85,2000-12-14T02:42:01.040000,1.0
703,35.5939,-117.4198,6.02,2000-12-14T02:43:01.160000,1.0
704,35.7537,-117.5604,4.41,2000-12-14T02:44:01.020000,1.0
705,35.9001,-117.6639,8.18,2000-12-14T02:45:01.170000,1.0
706,35.6096,-117.4321,5.59,2000-12-14T02:46:01.180000,1.0
707,35.6918,-117.4968,1.18,2000-12-14T02:47:01.000000,1.0
708,35.6169,-117.4371,6.91,2000-12-14T02:48:01.190000,1.0
709,36.0233,-117.8467,4.92,2000-12-14T02:49:01.150000,1.0
710,35.6721,-117.4734,4.31,2000-12-14T02:50:01.080000,1.0
711,35.6770,-117.4714,5.17,2000-12-14T02:51:01.070000,1.0
712,35.6176,-117.4653,4.61,2000-12-14T02:52:01.210000,1.0
713,35.9035,-117.6881,6.86,2000-12-14T02:53:01.150000,1.0
714,35.5839,-117.3489,4.70,2000-12-14T02:54:01.290000,1.0
715,35.9114,-117.7345,5.76,2000-12-14T02:55:01.100000,1.0
716,35.6584,-117.4887,4.76,2000-12-14T02:56:01.030000,1.0
717,35.6532,-117.5036,9.02,2000-12-14T02:57:01.160000,1.0
718,35.8881,-117.6678,7.04,2000-12-14T02:58:01.200000,1.0
719,35.7449,-117.5403,3.16,2000-12-14T02:59:00.970000,1.0
720,35.6082,-117.4297,5.95,2000-12-14T03:00:01.130000,1.0
721,35.9273,-117.7007,5.49,2000-12-14T03:01:01.160000,1.0
722,36.0595,-117.8361,5.21,2000-12-14T03:02:01.200000,1.0
723,35.8948,-117.6824,5.82,2000-12-14T03:03:01.130000,1.0
724,35.6976,-117.5073,6.61,2000-12-14T03:04:01.180000,1.0
725,35.9234,-117.7114,6.32,2000-12-14T03:05:01.170000,1.0
726,35.6145,-117.4601,5.70,2000-12-14T03:06:01.220000,1.0
727,35.6367,-117.4300,3.22,2000-12-14T03:07:01.140000,1.0
728,35.8317,-117.6304,5.38,2000-12-14T03:08:01.250000,1.0
729,35.6667,-117.4860,1.99,2000-12-14T03:09:01.060000,1.0
730,35.9294,-117.7066,5.57,2000-12-14T03:10:01.130000,1.0
731,35.9081,-117.6636,5.32,2000-12-14T03:11:01.100000,1.0
732,35.9163,-117.6631,5.52,2000-12-14T03:12:01.070000,1.0
733,35.6753,-117.4779,2.49,2000-12-14T03:13:00.950000,1.0
734,35.6763,-117.4843,1.20,2000-12-14T03:14:01.060000,1.0
735,35.9843,-117.6744,4.85,2000-12-14T03:15:01.190000,1.0
736,35.9127,-117.6682,5.55,2000-12-14T03:16:01.120000,1.0
737,35.8711,-117.6814,8.98,2000-12-14T03:17:01.120000,1.0
738,35.8912,-117.6715,4.56,2000-12-14T03:18:01.270000,1.0
739,35.9389,-117.6931,5.16,2000-12-14T03:19:01.140000,1.0
740,35.8878,-117.7251,9.13,2000-12-14T03:20:01.090000,1.0
741,35.6758,-117.4530,7.11,2000-12-14T03:21:01.090000,1.0
742,35.9213,-117.7219,7.66,2000-12-14T03:22:01.130000,1.0
743,36.0508,-117.8553,2.87,2000-12-14T03:23:01.370000,1.0
744,35.6717,-117.4805,2.47,2000-12-14T03:24:01.060000,1.0
745,35.6446,-117.4390,3.95,2000-12-14T03:25:01.080000,1.0
746,35.9183,-117.6874,5.64,2000-12-14T03:26:01.110000,1.0
747,35.6353,-117.4329,3.82,2000-12-14T03:27:01.110000,1.0
748,35.8682,-117.7040,6.37,2000-12-14T03:28:01.210000,1.0
749,36.0261,-117.8575,3.63,2000-12-14T03:29:01.130000,1.0
750,35.8844,-117.6777,7.77,2000-12-14T03:30:01.180000,1.0
751,35.6381,-117.4325,4.88,2000-12-14T03:31:01.230000,1.0
752,35.6298,-117.4394,3.16,2000-12-14T03:32:01.170000,1.0
753,35.6560,-117.4868,3.55,2000-12-14T03:33:01.040000,1.0
754,35.9475,-117.6786,5.29,2000-12-14T03:34:01.020000,1.0
755,35.6255,-117.4392,5.94,2000-12-14T03:35:01.220000,1.0
756,35.9206,-117.7212,6.18,2000-12-14T03:36:01.250000,1.0
757,35.8884,-117.7009,5.71,2000-12-14T03:37:01.160000,1.0
758,35.6737,-117.5170,3.77,2000-12-14T03:38:01.110000,1.0
759,35.5647,-117.3125,5.82,2000-12-14T03:39:01.250000,1.0
760,35.9555,-117.6966,6.78,2000-12-14T03:40:01.170000,1.0
761,35.8858,-117.6942,7.06,2000-12-14T03:41:01.230000,1.0
762,35.9346,-117.6828,5.60,2000-12-14T03:42:01.100000,1.0
763,35.7332,-117.5246,5.41,2000-12-14T03:43:01.020000,1.0
764,35.8966,-117.6895,7.22,2000-12-14T03:44:01.180000,1.0
765,35.9124,-117.6893,5.55,2000-12-14T03:45:01.140000,1.0
766,35.9498,-117.6802,4.99,2000-12-14T03:46:01.100000,1.0
767,35.9693,-117.6566,4.42,2000-12-14T03:47:01.110000,1.0
768,35.6673,-117.5201,5.90,2000-12-14T03:48:01.130000,1.0
769,35.7038,-117.5556,8.22,2000-12-14T03:49:01.190000,1.0
770,36.0542,-117.8566,5.31,2000-12-14T03:50:01.240000,1.0
771,35.6279,-117.4476,5.16,2000-12-14T03:51:01.100000,1.0
772,35.8867,-117.6876,7.29,2000-12-14T03:52:01.180000,1.0
773,35.9373,-117.6614,5.22,2000-12-14T03:53:01.160000,1.0
774,35.9274,-117.6782,5.34,2000-12-14T03:54:01.120000,1.0
775,35.6356,-117.4272,5.42,2000-12-14T03:55:01.100000,1.0
776,35.9055,-117.7477,6.89,2000-12-14T03:56:01.180000,1.0
777,35.8679,-117.6722,7.37,2000-12-14T03:57:01.150000,1.0
778,35.6450,-117.4394,6.51,2000-12-14T03:58:01.140000,1.0
779,35.9773,-117.6570,5.16,2000-12-14T03:59:01.080000,1.0
780,35.9147,-117.6850,5.61,2000-12-14T04:00:01.150000,1.0
781,35.9486,-117.6752,6.60,2000-12-14T04:01:01.300000,1.0
782,35.9088,-117.6897,10.29,2000-12-14T04:02:01.110000,1.0
783,35.9419,-117.6848,5.40,2000-12-14T04:03:01.090000,1.0
784,35.9019,-117.6923,6.04,2000-12-14T04:04:01.160000,1.0
785,35.5986,-117.5900,2.28,2000-12-14T04:05:00.890000,1.0
786,35.6625,-117.5274,8.39,2000-12-14T04:06:01.320000,1.0
787,35.8996,-117.6667,5.75,2000-12-14T04:07:01.140000,1.0
788,35.6088,-117.5754,3.66,2000-12-14T04:08:01.080000,1.0
789,35.9516,-117.6776,5.19,2000-12-14T04:09:01.060000,1.0
790,35.8657,-117.6916,5.65,2000-12-14T04:10:01.190000,1.0
791,35.8984,-117.6866,7.02,2000-12-14T04:11:01.150000,1.0
792,35.6885,-117.4698,4.16,2000-12-14T04:12:01.060000,1.0
793,35.6905,-117.4741,3.92,2000-12-14T04:13:01.030000,1.0
794,36.0671,-117.8438,3.66,2000-12-14T04:14:01.070000,1.0
795,36.0540,-117.8519,4.01,2000-12-14T04:15:01.020000,1.0
796,36.0592,-117.8584,4.93,2000-12-14T04:16:01.070000,1.0
797,35.7011,-117.5790,6.91,2000-12-14T04:17:01.190000,1.0
798,35.7761,-117.5426,5.77,2000-12-14T04:18:01.020000,1.0
799,35.6256,-117.4530,3.16,2000-12-14T04:19:01.220000,1.0
800,36.0735,-117.8343,3.76,2000-12-14T04:20:01.170000,1.0
801,35.9383,-117.6864,5.47,2000-12-14T04:21:01.130000,1.0
802,35.9301,-117.6667,5.12,2000-12-14T04:22:01.050000,1.0
803,35.8680,-117.6806,10.36,2000-12-14T04:23:01.110000,1.0
804,35.8913,-117.7262,7.32,2000-12-14T04:24:01.200000,1.0
805,35.8757,-117.7020,5.70,2000-12-14T04:25:01.150000,1.0
806,35.7064,-117.4996,4.33,2000-12-14T04:26:01.010000,1.0
807,36.0460,-117.8481,3.28,2000-12-14T04:27:01.020000,1.0
808,35.9664,-117.6686,6.49,2000-12-14T04:28:01.260000,1.0
809,35.6323,-117.4302,4.01,2000-12-14T04:29:01.120000,1.0
810,35.6982,-117.5228,6.77,2000-12-14T04:30:01.190000,1.0
811,35.9080,-117.7248,5.83,2000-12-14T04:31:01.150000,1.0
812,35.9269,-117.7110,6.56,2000-12-14T04:32:01.240000,1.0
813,35.6265,-117.4481,5.17,2000-12-14T04:33:01.160000,1.0
814,35.5999,-117.3972,7.26,2000-12-14T04:34:01.160000,1.0
815,35.9323,-117.6830,6.21,2000-12-14T04:35:01.320000,1.0
816,35.6110,-117.4738,4.48,2000-12-14T04:36:01.170000,1.0
817,35.9005,-117.7121,6.16,2000-12-14T04:37:01.230000,1.0
818,35.7214,-117.5470,4.96,2000-12-14T04:38:01.060000,1.0
819,35.6957,-117.5155,5.70,2000-12-14T04:39:01.080000,1.0
820,35.8694,-117.6997,10.86,2000-12-14T04:40:01.100000,1.0
821,35.6478,-117.4597,6.60,2000-12-14T04:41:01.160000,1.0
822,35.7005,-117.4977,6.40,2000-12-14T04:42:01.090000,1.0
823,35.6888,-117.4925,7.45,2000-12-14T04:43:01.270000,1.0
824,35.9144,-117.6980,6.21,2000-12-14T04:44:01.200000,1.0
825,35.5810,-117.3498,5.19,2000-12-14T04:45:01.350000,1.0
826,35.9687,-117.6524,5.15,2000-12-14T04:46:01.100000,1.0
827,35.6098,-117.4062,6.88,2000-12-14T04:47:01.210000,1.0
828,35.9133,-117.6879,5.70,2000-12-14T04:48:01.100000,1.0
829,35.6096,-117.3912,6.26,2000-12-14T04:49:01.230000,1.0
830,35.6944,-117.5196,6.79,2000-12-14T04:50:01.170000,1.0
831,35.6662,-117.4699,4.53,2000-12-14T04:51:01.060000,1.0
832,35.6801,-117.4788,3.46,2000-12-14T04:52:00.980000,1.0
833,35.9333,-117.6996,5.65,2000-12-14T04:53:01.130000,1.0
834,35.6293,-117.4457,5.55,2000-12-14T04:54:01.140000,1.0
835,35.6804,-117.4880,1.68,2000-12-14T04:55:01.050000,1.0
836,35.6847,-117.4821,5.32,2000-12-14T04:56:01.060000,1.0
837,35.6014,-117.4344,7.53,2000-12-14T04:57:01.140000,1.0
838,35.7165,-117.5169,3.97,2000-12-14T04:58:00.990000,1.0
839,35.6750,-117.4939,2.25,2000-12-14T04:59:01.090000,1.0
840,35.7362,-117.5483,7.49,2000-12-14T05:00:01.150000,1.0
841,35.8879,-117.6980,6.13,2000-12-14T05:01:01.260000,1.0
842,36.0601,-117.8484,4.94,2000-12-14T05:02:01.140000,1.0
843,35.9895,-117.6662,3.70,2000-12-14T05:03:01.170000,1.0
844,35.9108,-117.6803,6.48,2000-12-14T05:04:01.160000,1.0
845,35.6736,-117.4740,4.14,2000-12-14T05:05:01.050000,1.0
846,35.6833,-117.4918,1.36,2000-12-14T05:06:01.040000,1.0
847,35.6082,-117.4702,3.62,2000-12-14T05:07:01.170000,1.0
848,35.8612,-117.6716,9.94,2000-12-14T05:08:01.150000,1.0
849,35.5732,-117.3492,5.67,2000-12-14T05:09:01.280000,1.0
850,35.9132,-117.6759,5.22,2000-12-14T05:10:01.110000,1.0
851,35.7068,-117.5422,6.64,2000-12-14T05:11:01.140000,1.0
852,35.6080,-117.3938,6.62,2000-12-14T05:12:01.200000,1.0
853,36.0197,-117.8591,4.02,2000-12-14T05:13:01.110000,1.0
854,36.0735,-117.8445,4.41,2000-12-14T05:14:01.120000,1.0
855,35.9050,-117.6720,5.34,2000-12-14T05:15:01.120000,1.0
856,35.7505,-117.5647,5.58,2000-12-14T05:16:01.090000,1.0
857,35.6709,-117.5057,5.09,2000-12-14T05:17:01.060000,1.0
858,35.9260,-117.6947,5.74,2000-12-14T05:18:01.180000,1.0
859,36.0650,-117.8295,5.34,2000-12-14T05:19:01.410000,1.0
860,35.6701,-117.5067,7.28,2000-12-14T05:20:01.230000,1.0
861,35.6850,-117.5084,6.48,2000-12-14T05:21:01.180000,1.0
862,35.9245,-117.6843,6.02,2000-12-14T05:22:01.160000,1.0
863,35.6650,-117.5241,6.48,2000-12-14T05:23:01.170000,1.0
864,35.6648,-117.4757,5.56,2000-12-14T05:24:01.170000,1.0
865,35.6735,-117.4859,5.05,2000-12-14T05:25:01.090000,1.0
866,35.8955,-117.7064,9.03,2000-12-14T05:26:01.150000,1.0
867,35.9689,-117.6643,5.24,2000-12-14T05:27:01.230000,1.0
868,35.6908,-117.4779,5.24,2000-12-14T05:28:01.020000,1.0
869,35.5818,-117.3491,5.47,2000-12-14T05:29:01.250000,1.0
870,35.9152,-117.6926,6.03,2000-12-14T05:30:01.140000,1.0
871,35.6780,-117.4729,4.46,2000-12-14T05:31:01.010000,1.0
872,36.0547,-117.8563,5.02,2000-12-14T05:32:01.140000,1.0
873,35.6690,-117.4944,4.77,2000-12-14T05:33:01.090000,1.0
874,35.9067,-117.6778,5.38,2000-12-14T05:34:01.130000,1.0
875,35.9121,-117.6947,5.93,2000-12-14T05:35:01.190000,1.0
876,35.9152,-117.6710,3.92,2000-12-14T05:36:01.140000,1.0
877,35.6474,-117.4390,5.75,2000-12-14T05:37:01.150000,1.0
878,35.6698,-117.4863,1.21,2000-12-14T05:38:01.060000,1.0
879,35.5682,-117.3212,4.43,2000-12-14T05:39:01.250000,1.0
880,35.5758,-117.6177,4.51,2000-12-14T05:40:01.060000,1.0
881,35.9041,-117.6948,7.88,2000-12-14T05:41:01.140000,1.0
882,35.7098,-117.5290,6.58,2000-12-14T05:42:01.150000,1.0
883,35.9052,-117.6704,5.72,2000-12-14T05:43:01.110000,1.0
884,35.6255,-117.4389,6.18,2000-12-14T05:44:01.160000,1.0
885,35.8713,-117.6995,6.51,2000-12-14T05:45:01.160000,1.0
886,35.7454,-117.5265,5.37,2000-12-14T05:46:01.050000,1.0
887,35.9472,-117.6836,5.03,2000-12-14T05:47:01.060000,1.0
888,35.9351,-117.6876,5.76,2000-12-14T05:48:01.220000,1.0
889,35.6755,-117.5337,7.99,2000-12-14T05:49:01.150000,1.0
890,36.0293,-117.8663,3.90,2000-12-14T05:50:01.340000,1.0
891,35.7125,-117.4976,5.48,2000-12-14T05:51:01.030000,1.0
892,35.7227,-117.5476,7.29,2000-12-14T05:52:01.180000,1.0
893,35.7614,-117.5585,6.58,2000-12-14T05:53:01.140000,1.0
894,35.9308,-117.7089,6.73,2000-12-14T05:54:01.170000,1.0
895,35.9715,-117.6479,4.53,2000-12-14T05:55:01.090000,1.0
896,35.6811,-117.5311,6.35,2000-12-14T05:56:01.130000,1.0
897,35.7301,-117.5457,7.22,2000-12-14T05:57:01.180000,1.0
898,35.7263,-117.5222,4.34,2000-12-14T05:58:01.040000,1.0
899,35.5677,-117.3203,5.32,2000-12-14T05:59:01.230000,1.0
900,35.8979,-117.6899,7.41,2000-12-14T06:00:01.120000,1.0
901,35.9276,-117.7105,5.58,2000-12-14T06:01:01.150000,1.0
902,35.9104,-117.7152,6.58,2000-12-14T06:02:01.180000,1.0
903,35.9189,-117.6864,5.38,2000-12-14T06:03:01.130000,1.0
904,35.5904,-117.5873,2.86,2000-12-14T06:04:00.930000,1.0
905,35.9098,-117.6917,6.11,2000-12-14T06:05:01.140000,1.0
906,35.8724,-117.6978,7.65,2000-12-14T06:06:01.140000,1.0
907,35.6053,-117.3935,6.87,2000-12-14T06:07:01.170000,1.0
908,35.9151,-117.7142,8.09,2000-12-14T06:08:01.130000,1.0
909,35.6871,-117.4709,4.06,2000-12-14T06:09:01.030000,1.0
910,35.6299,-117.4382,5.63,2000-12-14T06:10:01.150000,1.0
911,36.0659,-117.8156,3.75,2000-12-14T06:11:01.240000,1.0
912,35.6156,-117.4032,5.76,2000-12-14T06:12:01.070000,1.0
913,36.0665,-117.8385,5.05,2000-12-14T06:13:01.210000,1.0
914,35.8987,-117.6692,5.74,2000-12-14T06:14:01.150000,1.0
915,35.8914,-117.6697,10.22,2000-12-14T06:15:01.040000,1.0
916,35.6904,-117.4698,4.11,2000-12-14T06:16:01.030000,1.0
917,35.8951,-117.6854,6.87,2000-12-14T06:17:01.220000,1.0
918,35.9135,-117.7319,6.36,2000-12-14T06:18:01.150000,1.0
919,35.9317,-117.6831,5.74,2000-12-14T06:19:01.090000,1.0
920,35.7535,-117.5509,4.07,2000-12-14T06:20:01.030000,1.0
921,36.0394,-117.8448,5.35,2000-12-14T06:21:01.320000,1.0
922,35.5800,-117.6163,4.53,2000-12-14T06:22:01.080000,1.0
923,36.0587,-117.8438,4.76,2000-12-14T06:23:01.280000,1.0
924,35.9043,-117.7192,7.43,2000-12-14T06:24:01.150000,1.0
925,35.9240,-117.7175,5.62,2000-12-14T06:25:01.160000,1.0
926,35.8860,-117.6526,7.03,2000-12-14T06:26:01.260000,1.0
927,35.9280,-117.6849,7.68,2000-12-14T06:27:01.240000,1.0
928,35.7410,-117.5528,3.84,2000-12-14T06:28:01.030000,1.0
929,35.8954,-117.7077,8.82,2000-12-14T06:29:01.110000,1.0
930,35.7523,-117.5677,5.41,2000-12-14T06:30:01.110000,1.0
931,36.0399,-117.8641,3.76,2000-12-14T06:31:01.150000,1.0
932,35.6861,-117.4931,4.65,2000-12-14T06:32:01.080000,1.0
933,35.9155,-117.7251,5.73,2000-12-14T06:33:01.150000,1.0
934,35.9617,-117.6952,5.49,2000-12-14T06:34:01.110000,1.0
935,35.6456,-117.4483,2.17,2000-12-14T06:35:01.090000,1.0
936,35.6644,-117.5061,6.93,2000-12-14T06:36:01.300000,1.0
937,36.0560,-117.8370,5.07,2000-12-14T06:37:01.200000,1.0
938,35.9696,-117.6540,4.59,2000-12-14T06:38:01.110000,1.0
939,35.7164,-117.5472,5.18,2000-12-14T06:39:01.080000,1.0
940,35.5860,-117.3599,4.99,2000-12-14T06:40:01.270000,1.0
941,35.8848,-117.7074,5.70,2000-12-14T06:41:01.140000,1.0
942,35.8885,-117.6559,7.14,2000-12-14T06:42:01.200000,1.0
943,35.8847,-117.6863,6.74,2000-12-14T06:43:01.190000,1.0
944,35.7532,-117.5414,4.85,2000-12-14T06:44:01.010000,1.0
945,35.7249,-117.5338,3.76,2000-12-14T06:45:00.990000,1.0
946,35.6861,-117.4994,5.58,2000-12-14T06:46:01.090000,1.0
947,35.6828,-117.4729,3.96,2000-12-14T06:47:01.100000,1.0
948,36.0530,-117.8408,2.63,2000-12-14T06:48:01.080000,1.0
949,35.8681,-117.6587,8.98,2000-12-14T06:49:01.130000,1.0
950,35.8828,-117.6827,5.77,2000-12-14T06:50:01.180000,1.0
951,35.6202,-117.4029,6.03,2000-12-14T06:51:01.320000,1.0
952,35.9140,-117.6857,5.70,2000-12-14T06:52:01.140000,1.0
953,35.5738,-117.6051,4.31,2000-12-14T06:53:01.070000,1.0
954,35.6553,-117.4923,4.83,2000-12-14T06:54:01.090000,1.0
955,35.6901,-117.4933,4.04,2000-12-14T06:55:01.060000,1.0
956,35.8915,-117.6679,8.15,2000-12-14T06:56:01.110000,1.0
957,35.9297,-117.7063,5.58,2000-12-14T06:57:01.140000,1.0
958,35.9266,-117.6935,5.91,2000-12-14T06:58:01.100000,1.0
959,35.7480,-117.5546,4.64,2000-12-14T06:59:01.030000,1.0
960,35.7343,-117.5535,3.35,2000-12-14T07:00:01.050000,1.0
961,35.6032,-117.5756,4.33,2000-12-14T07:01:01.190000,1.0
962,35.9192,-117.7127,7.44,2000-12-14T07:02:01.120000,1.0
963,35.5898,-117.3571,5.20,2000-12-14T07:03:01.500000,1.0
964,35.7617,-117.5590,6.17,2000-12-14T07:04:01.140000,1.0
965,35.6749,-117.5155,7.36,2000-12-14T07:05:01.240000,1.0
966,35.6027,-117.4318,6.09,2000-12-14T07:06:01.130000,1.0
967,35.9421,-117.6869,5.51,2000-12-14T07:07:01.140000,1.0
968,35.7161,-117.5411,4.60,2000-12-14T07:08:01.090000,1.0
969,35.6748,-117.4846,4.49,2000-12-14T07:09:01.050000,1.0
970,35.6693,-117.5100,6.85,2000-12-14T07:10:01.230000,1.0
971,35.6632,-117.4586,5.15,2000-12-14T07:11:01.090000,1.0
972,35.6689,-117.4860,2.12,2000-12-14T07:12:01.040000,1.0
973,35.9149,-117.6755,5.56,2000-12-14T07:13:01.120000,1.0
974,35.6150,-117.5870,4.04,2000-12-14T07:14:01.270000,1.0
975,35.7325,-117.5317,5.60,2000-12-14T07:15:01.100000,1.0
976,35.6859,-117.5222,5.69,2000-12-14T07:16:01.100000,1.0
977,35.7033,-117.5077,6.66,2000-12-14T07:17:01.170000,1.0
978,35.6676,-117.4776,5.22,2000-12-14T07:18:01.080000,1.0
979,35.6023,-117.5822,3.87,2000-12-14T07:19:01.180000,1.0
980,35.9179,-117.7215,5.85,2000-12-14T07:20:01.180000,1.0
981,35.6480,-117.4595,3.45,2000-12-14T07:21:01.130000,1.0
982,35.9405,-117.6829,5.24,2000-12-14T07:22:01.090000,1.0
983,35.6945,-117.5213,5.67,2000-12-14T07:23:01.160000,1.0
984,35.8893,-117.7355,7.45,2000-12-14T07:24:01.120000,1.0
985,35.6790,-117.4825,4.81,2000-12-14T07:25:01.060000,1.0
986,35.9166,-117.6786,5.60,2000-12-14T07:26:01.180000,1.0
987,35.6576,-117.5192,7.20,2000-12-14T07:27:01.230000,1.0
988,35.6538,-117.4595,2.21,2000-12-14T07:28:01.030000,1.0
989,36.0672,-117.8376,2.96,2000-12-14T07:29:01.150000,1.0
990,35.8704,-117.6826,9.93,2000-12-14T07:30:01.080000,1.0
991,35.7523,-117.5614,6.34,2000-12-14T07:31:01.170000,1.0
992,35.8226,-117.6262,5.08,2000-12-14T07:32:01.270000,1.0
993,35.9272,-117.6834,5.24,2000-12-14T07:33:01.150000,1.0
994,35.6718,-117.4719,3.66,2000-12-14T07:34:01.050000,1.0
995,35.8740,-117.6869,6.77,2000-12-14T07:35:01.200000,1.0
996,35.9532,-117.6787,5.35,2000-12-14T07:36:01.080000,1.0
997,35.9294,-117.6875,5.50,2000-12-14T07:37:01.070000,1.0
998,35.9260,-117.6804,5.58,2000-12-14T07:38:01.110000,1.0
999,35.7048,-117.4987,5.47,2000-12-14T07:39:01.090000,1.0
1000,35.6570,-117.4855,5.53,2000-12-14T07:40:01.110000,1.0
