velest,NonLinLoc,hypoinverse,hypoDD,growclust
0.285073471186,1.36511865536,0.294429262494,0.641549704347,0.753138996136
0.732162891054,2.12485596619,2.20475811779,0.171825939935,1.13484692452
0.403234121146,1.12053173532,0.405628079243,0.145286470174,0.417656986622
0.426476871328,1.40282744838,0.361437087442,0.189850352976,0.470670893306
0.401114965049,1.48691322198,0.443878489123,0.256047790146,0.931272190832
0.509972973687,1.18116447668,0.491465464879,0.130221883723,0.440401684344
0.415426596268,1.76503047413,0.476193565259,0.240323372787,2.15139676403
0.470820237593,1.79028640882,0.472826564301,0.278284069953,1.2516320926
0.321118597027,1.03733629276,0.388488352071,0.151097799854,0.579156735165
0.444780835189,0.798075470155,2.35123242334,0.301600570445,0.761296300834
0.269380867017,1.15313693456,0.314482384591,0.161688606643,0.424343726638
0.407919029453,0.774687166002,0.668950090312,0.390799512836,1.18183085895
0.412721908272,1.87997341699,0.803710843938,0.427356606155,0.91466852415
0.417547144508,1.54760762198,0.581180744679,0.203480210682,0.512425713966
0.618095424518,3.01662661732,0.716626605299,0.253476984428,0.594557094005
0.505127682404,1.91189016722,0.700157283418,0.186621755935,0.863447179
0.58092247251,2.47856157611,0.611601796386,0.158209364596,0.388248895623
0.450987423932,2.51174859471,0.705088460662,0.10890179714,0.29238808852
0.399305667631,1.39872250915,0.559540387125,0.253897303493,0.388413870145
0.367491317041,1.00266622938,0.333059418257,0.395229622006,0.589801512386
0.738355285062,1.76238714137,1.05034469407,0.161307941631,0.60883728712
0.579378481939,1.12053180551,1.22690169344,0.133247807257,0.365055335064
0.538418413478,2.57686535797,0.925783718821,0.21979618361,0.37884495021
0.507971162744,1.15953869681,0.533536647127,0.167049105324,0.669541114628
0.475195043484,1.93264032793,0.550164157215,0.336486922229,0.479913444302
0.456178062257,1.75408836077,0.420111361596,0.21099178337,0.883676991161
0.403754401452,2.55325151589,0.956814267048,0.18585795863,0.414823622774
0.411370014688,1.3335581236,0.409026625462,0.291582861873,0.511686603253
0.61429184502,1.80549335308,0.750168754488,0.514387452486,0.72760520649
0.445544657903,0.265826695503,1.43181937544,0.106943505098,0.326865843856
0.348018001455,0.951718891097,0.516313104678,0.238374197932,0.393085317917
0.570599857316,1.63661975476,0.549835946654,0.246945281095,0.392423520716
0.27943324597,0.970080814753,0.337989529195,0.210015482076,0.4051997929
0.472799176012,0.685781746757,0.471260284888,0.213672225296,0.512177466919
1.18046044638,2.18317158849,1.23970020653,0.392270649397,0.966022545081
0.480677366688,1.22944521522,0.453532354486,0.187851130763,0.511062131728
0.468888852989,2.78973183514,0.442854885664,0.0607044339858,0.185713037808
0.420849431086,0.925013577798,0.47009130468,0.286624084747,0.317095155886
0.448652931677,2.09450605881,0.409846688292,0.166857566131,0.402920453041
0.33692052235,1.49231745149,0.358295366014,0.178965641347,0.504831976865
0.376852111683,1.2778779665,0.447742640065,0.256476260418,0.613150364314
0.539963146119,4.46081715555,0.662900752652,0.178715250369,0.741036793722
0.521681557223,1.94988431646,0.570974188593,0.293468765741,0.541099245674
0.242559073442,1.03379816573,0.29422439734,0.157371154093,1.42214714243
0.436707258163,2.13275203582,0.626844007924,0.176556844279,0.320157352013
0.418879566297,1.86931618739,0.616834221414,0.163907063022,0.305964718142
0.789110544108,2.23437355704,0.643244434189,0.137192883043,0.404103492697
0.707491915617,0.650097832139,0.77011066833,0.414244039205,0.284158621057
0.408300788316,1.29162751214,0.415637388043,0.172292677208,0.484877556153
0.394176299857,2.18427403043,0.620537600308,0.0852653579497,0.348547981148
0.359621172801,1.05009136985,0.291536934088,0.133989799052,0.737105602475
0.337610794951,1.15065490906,0.531846509761,0.178028369447,0.397139821451
0.319976225068,1.06261868595,0.389723686301,0.184861782544,0.569793428421
0.5226731057,2.88910561425,0.708397071225,0.205028882558,0.266650854746
0.279037623973,0.927473050659,0.299262671101,0.196936235149,0.850716986616
0.695256982371,1.65054369818,0.518114098049,0.278092069981,0.465461897361
0.36568321286,0.767559640085,0.333192191174,0.208118729986,0.774093452876
0.683278946049,2.04760608541,0.749921988212,0.130509984812,0.293104832995
0.302448525531,1.32490380605,0.302031687759,0.169824149634,0.643237250777
0.380798424136,0.99778717525,0.401254144614,0.288736515154,0.587765380504
0.523229134431,4.56280790619,0.40545363204,0.103255745763,0.365963638083
0.460244237172,0.800420538251,0.618819038595,0.153201407905,0.313874441253
0.492504720263,1.37578029232,0.391116095577,0.266448093205,0.373702495688
0.626089078475,4.30064541485,0.377879705499,0.357026801005,0.349821024626
0.576964882212,1.82536325285,1.01490170366,0.167221784498,1.00463922328
0.391448453982,8.15347480183,0.483081417247,0.140851060365,0.320487525601
0.524380790419,1.25220859393,0.669619070675,0.101787500492,0.370391664613
0.429261886916,1.38201204093,0.427486557611,0.210602011668,0.604410044798
0.433880115427,1.39753056877,0.608883208872,0.161108038212,0.405185956613
0.665537433756,0.923769272174,0.561834043738,0.250038631478,0.420988700714
0.553917991927,1.20523047235,0.58986960508,0.263436335122,0.316640854286
0.702197690092,2.03852242721,0.857937769622,0.119269081292,0.298328928342
0.312999053157,1.29088411558,0.316340982348,0.18326085095,0.449323203696
0.40164489044,1.41383460939,0.405186866833,0.246898431798,0.33990038464
0.284643204286,0.39871358189,0.286598021965,0.0799401204521,0.16038256426
0.366594634684,2.10770731689,0.543065861031,0.160718398622,0.381699553169
0.290386260211,1.37179963835,0.545712492531,0.181392013595,0.910640935089
0.429587741981,0.956708914858,0.433778362953,0.0773322512484,0.603064532932
0.271886666741,1.19842176241,0.339490991095,0.229288748495,0.364644001709
0.531742038256,3.09927214639,0.637693984569,0.129366132815,0.552876357443
0.554511399644,1.292872382,0.62896866464,0.196128236375,0.320325149689
0.386948553591,2.32034348036,0.723209679181,0.163332632329,0.57413790581
0.358775435675,3.02925716351,0.865860197808,0.127029568599,0.861431727418
0.803512567068,1.69880004116,1.00513952522,0.23251297913,0.963125965023
0.395356735495,2.00350331659,0.455805928599,0.269418986704,0.674513283538
0.387985111222,0.900256800286,0.568227384843,0.198439860551,0.477693787875
0.629548405217,1.79540591905,0.76045393796,0.366286254698,0.275688478177
0.40997920487,1.07150999642,0.503506658314,0.310681650974,0.699852787698
0.407353469324,1.06810196144,0.42462912622,0.268410802803,0.61007120865
0.368182846227,1.4109342102,0.597556600889,0.225449462758,0.318359641575
0.267903100631,0.793715863089,0.345830484528,0.221068192001,0.344671253718
0.465474211444,2.5419862075,0.674174045462,0.13933737862,0.635898433426
0.250503428547,0.919931643515,0.304450936461,0.154052961756,0.584329708036
0.628580132584,0.8518332725,0.634018235544,0.274760770674,0.537817631852
0.72472798555,1.88393846902,0.420351927569,0.104053132329,0.475455470106
0.569286967951,0.850826778493,0.649708292165,0.238724432884,0.327919605536
0.386944338272,2.07537232176,0.960648971519,0.208916693808,0.916120139763
0.621994061295,1.67693479376,0.581887957362,0.393211284243,0.525705902125
0.388096816125,1.15552473537,0.377309535095,0.341890317481,0.492082655728
0.514357322803,0.823094071465,0.552030881209,0.123675606689,0.496986106578
0.299422680318,1.30692330945,0.665712106439,0.091885965342,1.11491944893
0.215615376917,1.14258111567,0.286502734948,0.122960864957,0.208079963686
0.373521777439,1.46406880467,0.40784286329,0.237095355114,0.579567797797
0.209325411183,0.484277385596,0.232395843804,0.0768358021375,0.750853465839
0.336181006989,1.60399469518,0.465327015825,0.0999770510881,0.135056511877
0.298929096065,1.00881506158,0.281657003866,0.41733718867,0.562596106133
0.201503127441,1.54032545742,0.374903542022,0.228937562634,0.427789008844
0.252719046804,1.76921006334,0.354623578511,0.285115109751,0.684035265604
0.818547471764,1.19945875756,0.765431630771,0.319175978365,0.450561366881
0.323673902926,2.01510113203,0.712222510606,0.18396113062,0.476739542167
0.311450625563,1.11956223139,0.300223501232,0.174316568674,0.423669499471
0.439948881707,3.14942318383,0.464665865494,0.0337400623881,0.102107339532
1.14889184671,1.18908760493,0.996824996321,0.302770971614,0.53523227919
0.317860182322,1.46959817606,0.351199664402,0.203272346227,0.49252282406
0.292851128345,2.2995333259,0.671535948572,0.156779851026,0.375474293398
0.978660127119,2.50233883272,0.956210886773,0.409232010823,0.531708944299
0.311331276389,1.25697382436,0.539996157132,0.130580243461,0.21810911882
0.607750163994,1.25604312839,0.67670832086,0.104957951764,0.354865727749
0.946809137718,0.941315271419,0.486264960829,0.0731704286329,1.46610542744
0.540638543544,2.95336468743,0.984041027995,0.27185488702,0.503938056551
0.553063554486,0.9256915115,0.725603796542,0.146242298875,0.313007229869
0.336825902876,1.45949540639,0.565846125259,0.220560413884,0.460039420028
1.16253228348,2.93767366783,1.20195800003,0.166137207793,0.680261347814
0.738197682178,1.41041784753,0.978937402708,0.185532765985,0.551580133007
0.448944385914,1.54774840709,0.448363677184,0.471789782238,0.751510820987
0.497790087352,1.76200556253,0.852121141539,0.323570299994,0.4406936779
0.47123451776,1.85789790876,0.509063055298,0.249415098563,0.338582557557
0.298400248604,0.891092470871,0.347179083411,0.408284796133,0.716276687559
0.796524446908,0.862575063163,0.644526242675,0.339575009744,0.37320281479
0.440565413131,1.6613521964,0.544182806214,0.177187863984,1.19534479486
0.739971260321,1.06518916105,1.00687234822,0.265018057444,0.657916000368
0.453782577491,1.46935327448,0.30127209144,0.149078756376,0.384563028491
0.340906271896,1.80466261545,0.527213558574,0.194920182807,0.274026899611
0.504547780078,1.60254946253,0.749821316264,0.297851344751,0.688027935578
0.304977991646,1.96019029189,0.359018723057,0.24759424968,0.29154504681
0.418512427684,0.353827454201,0.813386916065,0.159085517295,0.327661793999
0.491927666969,1.96282524767,0.721081777385,0.250943179809,0.323205906987
0.252821645182,1.68472334965,1.42959751122,0.116186157858,0.300050515026
0.302456589005,1.23241147011,0.442301881956,0.25738719723,0.249032513468
0.509384105651,2.38906794952,0.5424050695,0.314750112581,0.486049490076
0.471508831992,0.773234120818,0.557636866967,0.170252053543,0.438171046529
0.57782185526,1.09327235456,0.816168114222,0.11183093218,0.479048501466
0.394215350173,3.19855570576,0.48473286296,0.0350683686004,0.0714686060761
0.530246865526,1.5634157342,0.453079640473,0.103402850879,1.06448785503
0.667718003935,2.33208942326,0.770190356415,0.0834834508317,0.24034824472
0.300262616633,1.47148772866,0.370548900139,0.22213888491,0.373747973506
0.357567384809,1.1045669859,0.397301716258,0.140022665089,0.183539363426
0.496900074677,2.65496720809,0.536466841752,0.210648650122,0.506816761746
0.474610489646,1.63540227596,0.529872247493,0.168443146503,0.509807382347
0.407870651727,1.09881334944,0.399852681584,0.262914575014,0.578896019676
0.267607746844,1.51718783204,0.874236085853,0.208246722638,0.406908226182
0.271275456625,4.39878839496,0.32403883131,0.15761180457,0.459626652889
0.473987280863,1.46594905118,0.496203208391,0.752718588555,0.821392659499
0.303216503284,1.42703876653,0.31645147115,0.187020523079,0.351351488348
0.592492142598,1.14062217366,0.638368578528,0.246346472723,0.531190349444
0.565355858256,0.867121115384,0.768525578998,0.165803846782,1.4003840316
0.342948275778,1.88020238565,0.651902023915,0.140702817244,0.434844256202
0.617662328793,1.00147569528,0.513592203529,0.160105640192,0.299150599306
0.371072616142,1.9782106587,0.358437779476,0.297743195924,0.589520238609
0.569243334044,0.909221553107,0.479851378783,0.314228562523,0.44814255483
0.598575813746,0.858328005639,0.537022667523,0.071141342496,0.254698446129
0.62620065103,0.947906928791,0.656372960814,0.201161454089,0.550316985845
0.454808957176,2.08694700117,0.442387652177,0.322749877731,0.446031936013
0.548226476917,0.886313707187,0.580219789871,0.287025259329,0.716522802686
0.434977210263,1.53929600646,0.441941940673,0.195835471544,0.421541599746
0.568413573217,2.95116860948,0.587050498102,0.125529413732,0.318372420316
0.45252857648,1.73508887796,0.712519496097,0.218527762332,0.77994829677
0.411945066412,1.64496420355,0.612720915209,0.174575126746,0.695337711032
0.418632629649,0.761820854282,0.428464106817,0.273161428348,0.338990549683
0.600769324207,1.06859875668,0.717190237971,0.209040875483,1.34600665604
0.385075186057,8.65644152911,0.546222316191,0.129488208058,0.573554621787
0.3531047872,2.03739808927,0.559750221914,0.186583128825,0.468535651156
0.412772132984,4.25079636262,0.569646216401,0.146739719072,0.599758538199
0.487515084263,1.91287441115,0.439905007801,0.112087591261,0.305116969613
0.500093529798,0.724524817641,0.48094761023,0.202795485314,0.464097016294
0.292357762354,1.98037175068,0.288265815276,0.18415065532,0.438388204529
0.321723135603,1.22303691998,0.345787045211,0.285435931601,0.536278286745
0.699196618079,2.08272742284,1.09607668905,0.103355231014,0.816926814864
0.303735066774,1.04091050818,0.3813764137,0.208084281484,0.379074798372
0.470761638544,2.02691941351,0.956084025146,0.179315028394,0.503874534447
0.457086679275,0.685857489105,0.45751670863,0.16947296714,0.709097936345
0.505029684886,1.49342866375,0.374090455545,0.262921094845,0.533491993531
0.590328052157,2.12890420342,0.562813054966,0.346483290177,0.668938473907
0.331010273679,1.04575971842,0.380874612553,0.233597659899,0.466845987479
0.479233293045,1.14524473723,0.510941437903,0.30644255233,0.541851637655
0.970003727294,1.77843358585,1.22612322997,0.323786856427,0.477171668113
0.266828281313,1.02309695742,0.573646120024,0.176668782265,0.606627783182
0.34075177295,1.0306258925,0.367316328339,0.167566700583,0.524299458083
0.350550145623,0.957510895189,0.406398514425,0.15472154391,0.648743797801
0.480169420006,0.716424934182,0.426148628483,0.200477520878,0.298930614832
0.322215968198,2.0103389526,0.617460103871,0.156885018019,0.320190541532
0.281511046177,0.774331326818,0.41264631304,0.215429471363,0.410428649544
0.533019372632,1.93969648489,0.588699327918,0.290922085255,0.514426386389
0.344434054792,1.1081465368,0.327287858199,0.148118928279,0.471500241041
0.447912427422,1.30558963091,0.497346504546,0.163185078946,0.35388417676
0.37599677566,2.11757393283,0.48110807844,0.200626499475,0.924620457114
0.340961347759,0.583628746169,0.363708751474,0.193947750256,0.110224074365
0.449247740571,1.861990336,0.441686296676,0.126145817112,0.259918568211
0.441589004604,2.3478018809,0.506077043142,0.422204638478,0.523999340145
0.490245975094,1.72121149655,0.688164206318,0.19951267137,0.758625730457
0.38500921528,1.00592001534,0.795544438296,0.112691590311,0.653451501297
0.534435976962,0.617883710612,0.501857738662,0.325627928574,0.398389080122
0.263972715645,0.798847907876,0.368506216195,0.217047401083,0.45145256516
0.51113631591,2.90396848674,0.550251820394,0.230616670786,0.446990830146
0.369974122292,1.38795689227,0.400102891434,0.215469815579,0.554296781765
0.331622225836,0.809605805596,0.368247334886,0.143542331436,0.344020155328
0.337129902255,1.02664112795,0.363243807807,0.16201966911,0.504489647658
0.292486362153,7.95301090723,0.329770296408,0.159478651291,0.377976266159
0.361194310955,1.22392746378,0.389570015539,0.228404059108,0.417666005691
0.221422291991,1.51757113077,0.306316169903,0.237759788551,0.350866333118
0.559809378489,0.629208621249,0.462793134105,0.193168489137,0.325812559817
0.313314762848,1.17113086888,0.590895219286,0.134199696966,0.41486666574
0.317263977108,1.5805179578,0.32768079111,0.169507920259,0.537080872053
0.549633172309,2.1753238595,0.544031269359,0.143853757344,0.58166421032
0.447774865546,0.272684619013,0.880126534686,0.124343949264,0.303317846127
0.429063341646,0.850972762635,0.446285597697,0.153161160561,0.538312817541
0.524144909711,2.85898912346,0.581817120804,0.186019263845,1.02423956898
0.313244181752,1.52667249509,0.262106535624,0.135577932482,0.446187864078
0.527056830516,0.639325702886,0.536406914943,0.228668122421,0.273076721683
0.352491202926,1.35741927786,0.524192155811,0.0869096775381,0.64258599234
0.901637513065,1.08356294017,0.953908600772,0.409278625905,0.86478713481
0.552551625989,0.498736061444,0.623154634912,0.203541275004,0.458868942621
0.253186907645,1.37035177111,0.421163906511,0.333942025009,0.409020218796
0.436688164398,1.83732464129,0.647661784752,0.156352756296,0.67584573919
0.489716082594,1.63588316229,0.717098716105,0.232783930664,0.684547221241
0.654102627023,1.1995021872,0.504218954396,0.0948452899308,0.274678003789
0.406720982809,1.54719567678,0.464539972002,0.508442173601,0.732473108713
0.370200067037,1.75434131128,0.373941427915,0.23700740354,0.667825003889
0.418050100235,2.3053481977,0.426417939431,0.237940286078,1.4936573987
0.517891552085,1.05386102482,0.49137927645,0.174917330047,0.643972820739
0.419007850665,1.70340900299,0.50461393189,0.0613123573022,0.232851437996
0.473968337402,0.753294740095,0.384598793789,0.364597993539,1.36161175575
0.840752601778,0.940576485124,0.697668246833,0.1786414047,1.30862515385
0.552598480547,1.32071982338,0.452768935738,0.0854607623188,0.800576067805
0.354842662019,3.66096054492,0.547157571992,0.18615556602,0.533968892939
0.333435690745,2.11059633553,0.488099911706,0.17802515841,0.259607899402
0.664801646376,2.0635073737,0.637248310295,0.209133219458,0.664293856795
0.769157301793,2.85241219167,0.885872107276,0.128830872314,0.401574689473
0.676373475336,0.564269996877,1.0537511514,0.327550401045,0.562284781738
0.520481336574,1.21694765095,0.824868293664,0.135241572749,0.272535764809
0.315434359719,1.63063036211,0.381249612126,0.138708753712,0.218245539501
0.522717459448,0.814267823967,0.417531067644,0.243549447996,0.924032391192
0.406974677708,3.91390860266,0.513791668673,0.193761512054,0.541240324277
0.257513563938,0.677787112621,0.272433762139,0.210564975268,0.48266696512
0.224930773055,0.723344259456,0.321758032049,0.242968120637,0.563724456208
0.402181348002,1.36447216399,0.547057708582,0.183681399743,0.554651328868
0.276537397136,1.43900068689,0.397021079209,0.143768413622,0.477987145867
0.305477430028,1.30064533313,0.31666702244,0.172479312808,0.545381619993
0.462601332107,1.30296747099,0.551752373191,0.137431458175,0.421632383264
0.405444106323,1.49833095297,0.545990784908,0.219693674147,0.383970294918
0.521194203917,1.506140613,0.500074731003,0.202886180856,0.248034285815
0.624645340801,2.8518149813,0.456406705725,0.103679151732,0.29729727219
0.515045271035,2.14619484397,0.493220764139,0.0648063219243,0.588853568096
0.349700011081,1.52192875809,0.525308354643,0.202433511524,0.472072653801
0.397853607321,4.27858099794,0.426097298356,0.11962381771,0.383211070977
0.384653530513,1.11672180161,0.358109539406,0.235156875129,0.554626121248
0.424297349639,2.62996869094,1.28365156666,0.246066828234,0.568022432303
0.506219691413,0.693183725445,0.458779225421,0.19181961105,0.170263262518
0.482134444972,1.48383487275,0.49444954652,0.240746380437,0.252250750787
0.393691561004,0.835923900092,0.41441487762,0.268687105278,0.355182266706
0.347947687011,0.809279301079,0.370990478848,0.246552207393,0.392798823563
0.557849630427,1.26473180215,0.755691220331,0.269622102891,0.503186080505
0.639185319248,0.629292879319,0.51874262469,0.135193070303,0.593399807642
0.345782528569,1.04073586439,0.393940863661,0.277924679219,0.657104224639
0.468877083447,2.40136841639,0.883167433011,0.163235242147,0.555442152879
0.504318638902,0.867717911947,0.768716319922,0.209311241641,0.503662603249
0.529550928644,2.42225746515,0.81366421376,0.151839052252,0.718759595403
0.473145016727,0.790167387775,0.498069630228,0.215501881371,0.464087123101
0.447628620618,1.41906249747,0.60339730889,0.231318961308,0.290057133051
0.240244009185,1.47784660054,0.339291910359,0.234887706899,0.432186284717
0.786986061582,1.71052259712,0.825834601715,0.224885009707,0.426910463819
0.464108764159,1.49474117895,0.51050971057,0.130653917877,0.321316352568
0.599132238134,0.923603220503,0.638971664735,0.227356900683,0.33807761451
0.788263761928,0.535133737137,0.623408053402,0.20674963411,0.906536415761
0.439475292441,1.84779442079,0.494845110817,0.124133058474,0.328436245273
0.256455100147,2.11571023189,0.364705471842,0.183602822037,0.417325124095
0.324105380685,1.12768943856,0.422157103193,0.154166758262,0.58501868335
0.395449512776,1.25044856679,0.657100946388,0.206190325594,0.465641994675
0.278805840674,0.894832279183,0.606389988884,0.210739227409,0.379960840571
0.21941517922,0.896676909578,0.250845177131,0.422452976028,0.765074826946
0.43010328186,1.40713178615,0.636318204778,0.22660739641,0.664709949799
0.455635783164,0.847950963626,1.17348576199,0.167957355646,1.2267031301
0.408381234454,1.32232677882,1.23772425885,0.225577987347,0.683603076506
0.37118350882,6.46527850857,0.725159618843,0.172318564382,0.469102747282
0.328944973584,0.546537333822,0.397747394452,0.103596870568,0.207139130971
0.676439017819,0.53675724025,0.572033792108,0.214981435346,0.771526649553
0.420644427463,1.87087661662,0.47526994693,0.242037540375,0.324788771817
0.408148226424,1.27994601246,0.407087005313,0.232784849877,0.522880860386
0.343499118054,0.793775072955,0.428769086604,0.24737485235,0.460406829123
0.574007330192,0.946152350818,0.744608388649,0.20563067819,0.345718336861
0.427888178654,1.34961039964,0.479398819806,0.257266084626,0.399229307517
0.328056286214,6.61885882693,0.89862049189,0.204472512945,0.672018357436
0.29828657361,1.65969117299,0.292310614263,0.209533944618,0.363045336331
0.399342559534,1.54519574687,0.430531347833,0.296748503804,0.834387707786
0.445566795485,1.53717263307,0.345255118384,0.138010502294,0.369362324472
0.76581270619,1.48447746892,0.528729792436,0.127703851541,0.280515007978
0.254896219999,1.81252665377,0.305933445945,0.154188781445,0.504145305527
0.45927122556,2.2649718639,0.705837068894,0.15811657308,0.3160810093
0.543702249544,0.803067613763,0.517127677144,0.306454965686,0.209550761991
0.763579760916,1.96669819183,0.896649538562,0.168883692829,0.315828383124
0.409275152675,2.61913810147,0.410701073973,0.137102622087,0.207961787913
0.42953341141,1.47104926979,0.513149313822,0.269796660942,0.322137577198
0.339662381458,1.99208443734,0.547225589081,0.101429340288,0.309091442829
0.470420644941,1.40399367278,0.416843639839,0.191438335794,0.501216039721
0.271067637324,0.784636857602,0.354130718597,0.149464238148,0.378014085232
0.932711131359,1.52417023628,0.939410740691,0.129293968748,0.325227057727
0.296380402167,1.34965015361,0.35549504791,0.215497239203,0.429421698472
0.285966705178,1.20918134908,0.31037423491,0.292165720785,0.327493129582
0.353813973058,1.21244082442,0.382287169576,0.248611050745,0.215054590987
0.36840707942,2.10159757965,0.91428249032,0.196809935452,0.445575852298
0.786672961782,1.74998975669,0.783919566788,0.120213855394,0.536293449497
0.374822642873,1.91617856736,0.765466877405,0.0911124693771,0.287629996215
0.186318524201,6.53826912189,0.263376039562,0.0703800350992,0.20750210823
0.395238578236,1.04646118685,0.863220174621,0.0687160991004,0.276658556618
0.379224297767,0.83866256671,0.487291164463,0.221119495617,0.435239642872
0.461863679673,0.81621161903,0.475182947873,0.291533954215,0.253523442081
1.42829905038,1.65659197003,1.57708767395,0.165405436951,0.763751931038
0.252717773724,0.947891728391,0.319918839408,0.134021328669,0.807155383881
0.259519250892,1.33532438008,0.30330491401,0.157433782829,0.436336503872
0.682541267212,1.34548633319,0.493785306187,0.121690427548,0.427515021431
0.253127794815,1.09296033728,0.274194331531,0.15250083621,0.610593070646
0.311633410042,1.99049469155,0.535830504025,0.0925911087678,0.344377099539
0.546908091046,0.702430161024,0.555683763834,0.190425242468,0.316833743744
0.403079833082,0.9341272931,0.922086309591,0.147408592696,0.561444238375
0.913118289393,3.10769526492,0.109519419458,0.163698305865,0.603448165135
0.320453008555,1.45784895781,0.345926781393,0.168543296667,0.606142035104
0.348111240382,2.03706359882,0.426585453852,0.0965167876826,0.288894936705
0.296139197968,2.10828971032,0.355652688022,0.170263325696,0.417354179948
0.645983640336,1.13729817298,0.71462865606,0.292006866927,0.717002118364
0.507595265375,2.65404475742,0.715503471162,0.0957644884039,0.321262231714
0.324222086601,3.32461621,0.665724389891,0.14186019385,0.710904981662
0.295604871897,1.5248935239,0.349179013877,0.26721317147,0.568523943481
0.335708043299,0.936365327902,0.571828513881,0.254918197006,0.401004385962
0.847407353857,2.52986743523,1.10447071581,0.312688269958,0.492957439989
0.24949766516,1.6760431104,0.344124451537,0.169020216009,0.380750278389
0.294339687983,2.19309679958,0.392469191011,0.23257134727,0.32396194123
0.489244001062,2.06778582753,0.431113335528,0.268628387972,0.330193274499
0.443166623014,1.5025112604,0.490172340535,0.292278912175,0.582516573194
0.940004226615,1.30330978374,1.00289086946,0.0832075317439,0.326808882737
0.343792855795,1.54231112502,0.567126692128,0.166983237786,0.251767632654
0.385177941698,1.01238730971,0.402686117994,0.292804182362,0.654936056597
0.419872335962,1.43232095842,0.29827604875,0.153520568577,0.417577047716
0.522334730032,1.91650232798,0.658044596933,0.178119189608,0.262113123274
0.360995910548,0.838211130395,0.600211512676,0.16664008773,0.556171678696
0.375171416051,1.3512102665,0.542261047445,0.127938943232,0.344834191034
0.379730631946,1.44413781513,0.370244014144,0.289291598313,0.548476352922
0.331950303713,2.06212031025,0.4777914183,0.17856596956,0.417259327917
0.259351690978,1.49504344139,0.33489690299,0.421681709246,0.44722217583
0.389193113502,1.72357492764,0.505374768756,0.197373090676,1.07805130821
0.397118504272,0.891263725683,0.510298380487,0.166686830219,0.241511125595
0.295001783379,1.24714298514,0.379209978882,0.37441488745,0.530269992651
0.298365434652,0.784643060519,0.384664191104,0.260083018604,0.3256719772
0.444909145599,1.263261091,0.491249343735,0.115876423007,0.320772462703
0.456015053427,0.939856693228,0.689339642313,0.11000303802,0.400315662259
0.33530916028,1.27724797054,0.447713231,0.225641561311,0.578899536559
0.422192757873,1.69967759042,0.303458956072,0.207409962798,0.477347588821
0.508752754032,3.80694869196,0.404942590067,0.0761576871158,0.127984267382
0.308845228751,0.865287756476,0.294132833616,0.267344073123,0.5901289329
0.260019051439,1.06178326905,0.316135834927,0.155447798603,0.465481474158
0.408619101387,1.52919204132,0.50425028807,0.185924104756,0.455174302957
0.473226528169,2.24616752476,0.587923307011,0.185703940223,0.333102586003
0.422824475776,1.63425130755,0.685201238612,0.138269565236,0.693702153322
0.6068583331,1.53183810003,0.773290413123,0.604773732187,0.627522392277
0.569587143935,1.11743180904,0.81425983979,0.171447071106,1.26682688291
0.561035396339,2.67559655484,0.709693480428,0.162684239647,0.47217507311
0.36806127553,1.49154636663,0.322642542391,0.13394595796,0.585458102216
0.29454693098,1.43905810942,0.328362654529,0.268770150198,0.534362162497
0.429428979812,2.01348531425,0.569995733967,0.28659639537,0.332613763778
0.249409583994,1.01526180995,0.263751244683,0.16411535549,0.517769147754
0.499583622368,1.03371261605,0.746762763088,0.118588085518,0.502246450235
0.353881556505,1.23904177927,0.546105284977,0.273053560136,0.299643826317
0.448292628738,1.52294370022,0.579232674937,0.210993530037,1.1199887953
0.556652102187,1.64761822669,0.310359599481,0.184845760417,1.08814572371
0.266988105025,0.908691893623,0.312649737795,0.184583305511,0.476853730389
0.376255482945,1.25654303135,0.515929499217,0.180922006521,1.31591783179
0.393860564683,2.34168326426,0.64280352458,0.160905306727,0.924465572293
0.585044557967,1.29764792537,0.489076545748,0.240949405043,0.647507557897
0.616199416688,2.84926430334,0.832056705232,0.0536434093095,0.0803320435715
0.307954488866,1.04667529367,0.587005817208,0.202049594369,0.646262425013
0.407024914434,1.14553197503,0.518977543714,0.189507926917,0.456955707377
0.457185843936,0.920942437876,0.546331903275,0.316063245084,0.577435298095
0.515293558522,0.946705434045,0.86510492964,0.173101438738,1.27293208199
0.613243048523,0.807141373475,0.592982529477,0.279311625381,0.504193824899
0.470426478241,2.48569265917,0.640738108887,0.115370510873,0.421391430926
0.562670843817,0.930235289527,0.423913577118,0.342059710643,0.734324459853
0.398359454216,0.920527437974,0.454061819753,0.212901662256,0.674849945339
0.285269019364,0.808038825155,0.385332157202,0.233184398615,0.34224936937
0.744235795058,0.967301619868,0.776584804626,0.780749114471,0.666988685576
0.509274613554,5.33780967951,0.84496570522,0.284616838019,0.510483712459
0.531575455452,0.787607840082,0.536540658652,0.212098535648,0.746920107166
0.389326891344,1.78202524836,0.652685434835,0.184429004083,0.575677646001
0.308118064416,1.04393830903,0.497464220396,0.306616403053,0.468833700696
0.642478743518,1.30067073217,0.648164536134,0.256563141487,0.325507668848
0.356686861848,1.6126664793,0.41217549351,0.2436623053,0.332334211402
0.373148502723,1.5968576724,0.400683596393,0.223680803838,0.350481377169
0.449458934414,0.774203478396,0.345630472351,0.279150992528,0.484686230058
0.462394133666,1.93906526829,0.692066707527,0.183893114829,0.715341097126
0.463628037009,2.71501174703,0.61303083693,0.167850886081,0.343889875712
0.378652027856,1.04642594808,0.408551543171,0.214178690316,0.581175756613
0.336242800179,2.0283730598,0.889634042528,0.117535371081,0.304700570883
0.992857798855,2.80275906315,1.08010899644,0.357245390401,0.489823955062
0.328419686239,0.700077539218,0.427121033989,0.177945015547,0.805878764586
0.374032709186,1.17334720957,0.820713147712,0.324148916713,0.794018961504
0.583264171051,1.85562401251,1.19253142932,0.139860594999,0.267162036889
0.419159477389,0.935464448316,0.489702134526,0.348067327524,0.369747193526
0.384937625886,0.798406427579,0.403922551506,0.273884733956,0.330762187382
0.377693500424,2.95916991287,0.591667246613,0.223501138197,0.410628961633
0.800757138208,0.896167536658,0.531055160522,0.14252567053,0.477668484881
0.472353798099,1.8372344659,0.524420638867,0.0793957691009,0.345098128666
0.924376195567,1.45481915824,1.21555477252,0.202064744053,0.325802357478
0.374444376358,3.30480122749,0.677578077852,0.101332224502,0.245593286107
0.539436278434,1.90759563093,0.553060601112,0.156076958704,0.501084390337
0.439440184273,1.04855957435,0.553380567386,0.219472842343,0.340180734707
0.426098556286,1.56339013245,0.493352666447,0.109713551171,0.31420276606
0.35200160338,1.03991312642,0.418154259181,0.164196498161,0.519611758047
0.487944199501,1.987947626,0.573430667343,0.387062642602,0.997517475783
0.293255363335,1.94411311359,0.351583150278,0.167781793711,0.575763672528
0.359419924806,0.609719829903,0.389432035319,0.235185543008,0.839345196382
0.39809341782,2.92210176305,0.480284791811,0.0665243113078,0.222182948528
0.226711894118,3.6970622312,0.296883891577,0.0989503588417,0.157681726899
0.387105076276,1.17737066057,0.256525891952,0.206781444346,0.764314398663
0.493614984786,1.6941805435,0.940503932868,0.157190184651,0.711024768588
0.667768547335,2.00972577656,0.796344334869,0.190054085428,0.650602396531
0.390861878591,1.35486243472,0.427103373002,0.443921131995,0.639930605819
0.439630799278,1.44786252206,0.549726521583,0.368637851946,0.580804006919
0.35477051745,7.89617025091,0.930029278827,0.145998151086,0.645653756345
0.367374294834,4.33746453993,0.532588587268,0.127799007228,0.67783524362
0.197394859825,0.965389196131,0.290458006497,0.214952627865,0.555405643346
0.360943221542,1.51271564941,0.354720237061,0.187531350789,0.411295002325
0.736499264017,3.0021884243,0.855569553143,0.145752647056,0.646408904416
0.293184545889,2.10333743548,0.34384136107,0.0861594724303,0.276535066491
0.373228022028,1.17773994765,0.573173232492,0.191286481296,0.322007340541
0.575736149926,2.29994102813,0.698736545665,0.0735556906883,0.299852398159
0.348581392991,2.45313991105,0.689097043781,0.242970808768,0.93584158454
0.235552752497,1.12468003577,0.269181390871,0.15222056533,0.64552716458
0.924357380222,1.74903033429,1.04051708515,0.147386750654,0.316447532123
0.368393731128,0.957625108955,0.347103489166,0.162539959292,0.516447522731
0.387073496687,1.38628955011,0.542425056824,0.232471074809,0.365755103254
0.682239684614,1.36511028865,0.67621619699,0.199509723058,0.935458485449
0.327724140331,1.62725962127,0.433204205173,0.0730002661702,0.180925393203
0.420969056803,0.98945288314,0.45617155012,0.143770440465,0.708716273056
0.264333633424,1.70595525845,0.266014942188,0.0787793378083,0.367965109703
0.287490070162,1.11142613486,0.350937087925,0.15430804472,0.42686914197
0.62585031781,1.54851143119,0.747151787371,0.262890016669,0.56265316937
0.44819205498,1.19848306907,0.421231885967,0.225017213858,0.348142251401
0.513784847098,2.79522031975,0.685274079121,0.200518051185,0.679887477405
0.297938129,1.16112743647,0.388897240873,0.288803234241,0.422427978396
1.20743790106,0.938763403541,1.34848183571,0.215476621278,1.3548035965
0.489962173076,1.38197483995,0.466867645831,0.475978534243,0.895814411396
0.26929029856,1.24634488518,0.335362088908,0.146206109809,0.488670121432
0.495870454237,0.344488433383,1.01092269379,0.124681712632,0.386263487837
0.335706350774,1.0275320454,0.316534100863,0.144979257216,0.681794030852
0.330606979268,2.07799214837,0.904803263256,0.293628863788,0.699643767217
0.612993118439,1.6304376277,0.668897718481,0.264732976042,0.387561317222
0.217954173722,1.29637420625,0.588487211896,0.120201312021,0.210459241055
0.766476547353,2.25263128755,0.68365916537,0.0633514741022,0.263370783999
0.745700153503,1.68818343526,0.888628855615,0.12005154581,0.360959792776
0.556770995519,2.36267395234,0.41056472004,0.0685983191699,0.237304617319
0.362013148296,2.23148082091,0.563607317227,0.313947611381,0.298137881661
0.441963613794,0.811155201083,0.682714845633,0.20962845391,1.29345301953
0.787374995507,1.10201349879,0.790627764582,0.15391431596,0.295686067269
0.297689560626,2.20438534048,0.50482298623,0.100346711969,0.328535014891
0.421346054694,1.90230947569,0.336265881211,0.11738567426,0.449894965882
0.274016524925,5.18985188362,0.312432373224,0.106860242726,0.646576044995
0.226245805044,0.69303759431,0.281766833705,0.249092406256,0.440844013309
0.507486325806,1.70169041765,0.45412791938,0.251491737809,0.438824039722
0.457866727879,1.1054303135,0.602970588331,0.0994681114413,0.379765785854
0.273078192499,1.29360263207,0.39315752303,0.308856091893,0.361508286116
0.554683862811,1.47822905819,0.506082021107,0.647214352305,1.16005995114
0.273666983727,1.45466195199,0.402345016532,0.0878436362858,0.408591616553
0.702179991818,2.67668390823,0.741275254194,0.438215767886,1.039396507
0.44922882298,3.82448092067,0.48877034064,0.252679452647,0.458398523144
0.461951900089,1.12576863838,0.407904028494,0.224760538719,0.637249840569
0.455932435304,1.37299061333,0.412860280381,0.128034935683,0.427475294338
0.382014421931,3.46601158648,0.75077880216,0.14623514858,0.659386903057
0.318577285822,1.38078395509,0.308267168415,0.171338200193,0.372089788134
0.406378070909,1.59650040536,0.618597696201,0.194260995713,0.430921698271
0.505746103853,2.17507342071,0.373140039631,0.118343698721,0.377396825724
0.463451373759,1.56515828631,0.430003931699,0.359759724178,0.767766364636
0.550124687023,2.08328459413,0.441653692642,0.0620468634565,0.237988718916
0.436611535988,2.8870271535,0.597446516569,0.156192746984,0.72302359284
0.439989196835,1.50586489499,0.480399275455,0.863008999579,1.11728940415
0.327154904771,1.31359027589,0.331571429754,0.40909606539,0.494525129612
0.619279295268,2.6672072223,1.66207080166,0.148746461091,0.557348799465
0.580787362221,1.68580007218,0.743820447433,0.179186365609,0.492314705812
0.242932218396,2.09476655785,0.317370583862,0.400430550404,0.613403623271
0.627449173424,1.40374430243,0.726104755438,0.136431476976,0.378758076342
0.203173547225,0.742544146032,0.320470801377,0.128974932677,0.38793515285
0.515870000657,1.80735226579,0.679745208118,0.210646274718,1.46736945813
0.40679458847,1.19930723023,0.368777588394,0.256827931454,0.819180413558
0.472190049599,6.78926673668,0.365758128185,0.186652425895,0.475939915811
0.835818363545,1.21494634997,0.715046269332,0.175486655032,0.478720220156
0.425776149549,1.26643356154,0.376403283231,0.182656939886,0.494328249309
0.390561815019,3.12631079564,0.449522978331,0.0344782311083,0.21106131534
0.2651174185,1.39018934381,0.318801959401,0.348850825417,0.602835898544
0.946781333731,2.54175156134,1.1633196663,0.337944326416,0.344142180937
0.491992749821,1.73717954115,0.743101116512,0.213989140225,0.466762848004
0.271184874631,1.07717973402,0.281987760051,0.155750161558,0.631630644096
0.39015571836,2.81860182466,0.498881180793,0.157103136987,0.291909853818
0.274291559472,1.58080967889,0.415363594492,0.241465357043,0.309545977993
0.448853546496,1.25880773985,0.552340926908,0.149739602015,0.44046788314
0.522482628442,2.39045814934,0.520809647569,0.163608018166,0.841114872281
0.461026515029,2.07637131165,0.626451467418,0.0887507834238,0.806940877197
0.473115990172,1.68228403518,0.503802820921,0.251240169114,0.545827660818
0.32089670218,1.72044493958,0.386700318123,0.279253358453,0.523635293263
0.355985316925,1.90950867189,0.672800545407,0.160036610371,0.518337853652
0.484845486084,1.33634682276,0.467085204298,0.269605973554,0.390863611136
0.736987448924,1.69522801717,1.01282441862,0.178961794095,0.681784881935
0.266471108942,1.05922778611,0.291636641103,0.246863541014,0.76979664947
0.430307993841,1.45939703916,0.390376038208,0.169533606582,0.591986337648
0.484762961503,4.59870443387,0.530243383866,0.287579949662,0.491164538998
0.397182779074,0.837727602721,0.483581102716,0.287231890878,0.456220101648
0.387494533893,1.00341981397,0.535409634447,0.179252892927,0.364118527785
0.363448871781,1.22075965556,0.351564712632,0.200114283729,0.54444633233
0.927533478239,2.23647235712,0.829349964986,0.354954412649,0.46503067072
0.416603641662,1.52719369074,0.583444971108,0.279903284553,0.616173638586
0.381880187639,1.3864713742,0.39069136424,0.143991762784,0.478923952698
0.435904828694,1.31739943084,0.437693533997,0.138389943436,0.31336154054
0.257002032838,1.63454703652,0.352046278,0.427740570607,0.34887850532
0.523461292884,0.852576105362,0.630322463445,0.22513979439,0.322512401167
0.258821074681,1.96601707972,0.406439989043,0.19749487495,0.525620164283
1.08363732854,4.47749493903,1.37426335622,0.296843417134,0.332782580406
0.268667485531,0.874652052207,0.325780911277,0.257091824758,0.499674831319
0.299968527839,2.76190416484,0.795373615238,0.160376827779,0.544295091948
0.499320494529,6.27501247872,0.366973015511,0.11343179945,0.281243901531
0.553343152667,2.16622783032,0.623700754572,0.157223429959,0.381729988831
0.594506026824,1.25150527709,0.597238255291,0.139912748748,0.414088643531
0.385440829311,2.30210698804,0.393988732832,0.249946013107,0.524200626895
0.307736112604,1.72307088629,0.364223821997,0.270801506455,0.350399049835
0.391720687183,1.27195761372,0.358018398733,0.278913159587,0.343977512124
0.355728898363,1.24965701798,0.375700153923,0.261019824152,0.736761881019
0.351693625054,0.775252711201,0.450099050484,0.151291852748,0.48526678769
0.655599884934,1.72416449701,0.95273011375,0.121823650321,0.653992558899
0.46605707622,1.05950287897,0.862945813491,0.358757836563,0.442366224271
0.300671866417,2.60870172224,0.734766604232,0.225877197521,1.19353685311
0.358459883008,2.07926948596,0.403291250223,0.203745669067,0.852321042589
0.371245108725,1.49304690544,0.35966315153,0.0915641489927,0.31950869029
0.436903835821,2.20992748991,0.546011482279,0.147166004435,0.367185389171
0.43713111052,1.17653201708,0.421307396614,0.321109962877,0.750712194311
0.333219715597,1.18598005911,0.515536541952,0.130417862037,0.52727120329
1.4406047551,3.38136532654,0.922611871824,0.103517454145,0.450456640764
0.275896104521,1.15303443306,0.313362456371,0.15510207882,0.440798733829
0.437071523834,2.043049251,0.541550425079,0.195176551305,0.450260308711
0.691526115206,0.893231156944,0.766437928115,0.0891621418224,0.280621521081
0.486042892476,3.51958885357,0.430859755776,0.228163188829,1.13208380392
0.544922062892,8.73287926231,0.56680623904,0.339967673451,0.366569343997
0.630904815774,2.02253682385,0.601037593935,0.272302261222,0.690116873497
0.527248109403,1.70024770175,0.55836129477,0.374258373591,0.512473007991
0.222603336477,0.636101010425,0.256319069219,0.0785170837339,0.220539464028
0.463824722211,1.61285053152,0.490256918766,0.292495351017,0.488307089281
0.438093802761,2.38429082299,0.624803992951,0.148898475512,0.713257377752
1.31834950941,7.21996516228,1.66699667274,0.35443935205,0.587260548145
0.620907096371,0.838817181627,0.673833859714,0.393847252937,0.325205907383
0.379814708238,1.02724191193,0.709658137213,0.140020814388,0.645471707347
0.423100039606,0.961235090446,0.271962607083,0.146693003235,0.285288595348
0.454009929733,1.15495501415,0.892298370865,0.318819930098,0.79200280534
0.461745253907,0.750596607583,0.455632280007,0.160214242959,0.437313824128
0.589547687409,1.13317101185,0.578034406876,0.108906030354,0.365475611388
0.372101020819,2.37912250158,0.355261064812,0.200508057922,0.41700855539
0.39795847173,1.07739243285,0.354807653327,0.146247075991,0.486128622682
0.222257258933,0.494983570846,0.269178600897,0.149772393747,0.393966407934
0.310065682816,1.44043134512,0.321908925526,0.197534750119,0.575887356962
0.264426996732,1.68281005212,0.700462338655,0.186898848392,0.484858327889
0.545405350707,1.56912678899,0.41339099708,0.265836734734,0.353211881946
0.458078987511,1.78163220447,0.489431234847,0.403914125612,0.665878831138
0.426313363278,1.03592281225,0.501048177309,0.12753159868,0.396447590416
0.521843826276,3.2236372639,0.815967138325,0.186354445009,0.560619341084
0.599717997797,2.27938204102,0.571648581247,0.244619570906,0.684015419076
0.255808984134,0.876880242478,0.297854788117,0.160296455625,0.690688539431
0.272623849501,1.68618093285,0.348284054249,0.212668639547,0.461442173796
0.511097140599,1.32687298286,0.431805277479,0.253591739152,0.849325132467
0.602332168199,2.41339082572,0.496274521831,0.0891415905827,0.247902664132
0.767912704247,2.51067782471,0.699448757795,0.358231095886,0.472969680753
0.581154601149,2.85172549859,0.628643015816,0.225759666454,0.427938138568
0.446578990472,1.79361072864,0.674039253126,0.328485908046,0.881633351951
0.336647921265,2.13708408136,0.467300821199,0.20821008537,0.287287193014
0.4869786839,1.2151289651,0.50001459729,0.160881713758,0.285503272507
0.368439231723,0.977239110581,0.393014963799,0.294136706452,0.316535261594
0.479057771436,0.942924256281,0.656315292313,0.248063514399,0.297608038284
0.509060931741,1.35226601203,0.340619516608,0.140975321207,0.342476089031
0.501811736381,1.58783639514,0.682315573933,0.188665211218,0.412485597015
0.482727640531,1.7113000847,0.416559685185,0.282742941746,0.657746980317
0.695688019259,2.64134223718,0.709890073255,0.063786124949,0.217971332104
0.600774907255,0.562052960128,0.628438120167,0.110260423867,1.01511619825
0.366551703805,1.40291319147,0.338228817354,0.133856124666,0.492118694642
0.378191898379,0.906154761916,0.502297312558,0.151183903916,0.467658027283
0.330360991819,3.16297849576,0.375528960833,0.301204498222,0.507337243372
0.370995882858,1.2922983303,0.476990578212,0.220653839468,0.695511237706
0.463244814142,1.11422846056,0.455015081968,0.307617139777,0.530389833018
0.693091110137,1.37493177942,0.396625818679,0.199100328648,0.532423592398
0.561477849216,1.36817659151,0.680758480575,0.331263056677,0.33252038812
0.530504533096,1.85008281075,0.59929368049,0.326848629686,0.475340982418
0.612902524509,4.82565844093,0.752282345448,0.179393861801,0.660262079102
0.17669986,3.36770157975,0.250561259934,0.333437506497,0.451484319014
0.579366501012,1.33884267848,0.615337779871,0.26818203284,0.456680368103
0.70689362723,2.05921275818,0.865784654529,0.216225790159,0.416790316725
0.353700642299,0.860518176106,0.434406098568,0.199363862672,0.430120477501
0.46216697434,1.14101167994,0.991916611966,0.101717942484,0.863519281047
0.454348240065,1.01489732339,0.490554854255,0.287938843115,0.629776123655
0.547299199024,1.7718058909,0.559652725625,0.320483883109,0.451438731821
0.30428967902,1.43107065036,0.631154969676,0.0925022066385,0.717702331527
0.293995046982,0.922152321779,0.329308935037,0.176211910433,0.612802951032
0.540850000815,0.86261079256,0.614304425669,0.250420678896,0.956262694929
0.215130629088,1.89301899854,0.308597551131,0.179003907275,0.334298762602
0.451106161885,0.749034705608,0.443175038185,0.247127606843,0.347270630726
0.376194983524,1.25077927799,0.418911715733,0.237045603057,1.04639698975
0.379152945002,0.697050289487,0.457672823875,0.236003819463,0.491737757132
0.385880529473,0.611596170782,0.47311955971,0.260923853558,0.304223771949
0.323462437853,1.21468536388,0.723462617411,0.12569216764,0.229091990328
0.515459932993,1.1435333074,0.521119942535,0.164965763314,0.604170352583
0.512700670652,1.50273362541,0.972316871586,0.329561773039,0.860887071888
0.357472831692,1.01087543846,0.51009851889,0.272507186316,0.32686007449
0.4464166469,2.07244842261,0.598242584862,0.190691478008,0.732137711147
0.905778516025,1.529819701,0.888942460859,0.105919133119,0.400399950824
0.31620161024,2.3265838722,0.586587347044,0.127305524784,0.299915108859
0.615027554993,2.34599803173,0.731278745981,0.195471830361,0.468075458963
0.360502607069,1.22516208745,0.451478503971,0.306969357464,0.645822909484
0.762061721094,2.1254501701,0.778054111844,0.229693517237,0.44858424211
0.405776972418,1.07097007987,0.359344319494,0.126506502439,0.395085483687
0.28714087366,2.08528623753,1.8718670783,0.248828500569,1.02590458158
0.45430710275,2.42395979376,0.466214377896,0.271211433204,0.56483642074
0.254549032066,0.918206399056,0.346155791472,0.246968404465,0.502507429678
0.523237272601,0.231848933368,0.970762318577,0.100203293365,0.31070673813
0.473112355256,1.03443152479,0.409202283294,0.266032988559,0.801090010794
0.525291314418,1.09285806119,0.518311816402,0.260312852449,0.6080010091
0.374744999549,2.0793361868,1.17360349772,0.25696299419,1.30972897791
0.360496414801,0.475508670674,1.00102510158,0.148983892581,0.310905057748
0.574954213737,1.34764582408,0.89333915676,0.132918666159,0.282982986144
0.40924086785,1.60066472029,0.5421940629,0.168440440236,0.287451933829
0.514656387445,1.39975376698,0.497456741084,0.111221742276,0.402494250066
0.304109592218,0.950873132871,0.323864878035,0.236322545079,0.454339635536
0.984883915899,2.58555274153,0.958097557375,0.139461833184,0.463216478042
0.773222086772,3.07450961599,0.638315542218,0.31990888604,0.60702434196
0.4228085887,2.20233063277,0.392920357123,0.326930198616,0.368367251428
0.282085786141,1.25453052951,0.324176322323,0.229966918442,0.489336896262
0.324414553301,1.25164041718,0.542323183496,0.134499359063,0.203521035456
0.473094490073,2.06284461205,0.496512022641,0.464305437277,0.595382208717
0.622311641428,0.950399838648,0.870085671791,0.0944299762696,0.34076959688
0.470857248718,1.52827656832,0.546321349229,0.209218283803,0.634685846438
0.422142702905,1.32581572434,0.456503200753,0.179993556451,0.428482065963
0.490115335613,0.691070096914,0.486451696762,0.373600212063,0.208453607512
0.358502868092,2.21925596343,0.348065337106,0.188858544985,0.39512276307
0.468936934811,1.74361440672,0.332476698076,0.331572078497,0.640167943522
0.500433337152,2.98329585688,0.799603976804,0.251166625244,0.684396453461
0.278006349987,2.44394645875,0.357413750846,0.226965536289,0.380311955445
1.1758611565,2.15859271029,1.51223028156,0.265474264292,0.46838995516
0.271444782565,0.918622526927,0.355203925423,0.146767284147,0.591846009113
0.439986105848,2.27211236527,0.739452023459,0.205996526248,0.466405287286
0.231753570452,0.467657144384,0.266453783362,0.0929095461212,0.213363874922
0.34028850598,1.11156671291,0.268373410998,0.11832896362,0.363458066766
0.321388956896,0.885659141306,0.365627445507,0.235852546824,0.332330173269
0.520375313457,2.90811661987,0.566793543779,0.147365981557,0.672067148328
0.523490572612,2.18747117847,0.455808613062,0.0751521988527,0.309172278482
0.361510104132,1.03875398991,0.376928963614,0.213011307337,0.554462435585
0.620063511623,0.82336759424,0.730407181544,0.177854835818,1.34665778232
0.285016869419,1.15264766152,0.312892882865,0.300633854328,0.568345979445
0.252905088203,2.08973864815,0.291672028798,0.138116683894,0.625172105122
0.478351510929,1.66276840746,0.428752489112,0.520170859797,0.72974248558
0.417837057347,2.06281589201,0.581513505187,0.188325398709,0.345549748073
0.828879147003,1.65412615261,0.987785010621,0.141042688761,0.594557717406
0.662720655652,1.59938287445,1.23617228205,0.205854727304,0.740075749724
0.400623303291,1.94163076706,0.528789315427,0.393030131964,1.54570200136
0.325396572204,2.3823451841,0.35503818825,0.244924637875,0.415562595581
0.391769898305,0.962899276077,0.407848498349,0.317748575007,0.412232423203
0.306558239003,1.15717125066,0.296878613675,0.18395547677,0.530843642915
0.559539195602,1.16431436473,0.719596068388,0.108318576394,0.285882747819
0.362760599391,4.3634944636,0.84308834988,0.239614832921,0.885105146657
0.273477421014,1.53658029722,0.471563152413,0.234892647024,0.465593567639
0.526249777012,1.11661303893,0.641356062197,0.30264154735,0.492131094587
0.455240921799,1.06794360769,0.574922990393,0.122456034421,0.319058069096
1.18363895571,2.50257256405,1.54789225664,0.182444377884,0.431232387547
0.539839111252,2.33982628872,0.555262198477,0.142608994248,0.347533510085
0.306737353631,1.31435778944,0.596086260154,0.13123081799,0.312259175254
0.40378618217,2.00769828514,0.577278716911,0.127139928357,0.676336674885
0.718032354542,2.40831646024,0.758916064585,0.0801447994903,0.384836170345
0.475138558325,1.75280406174,0.638844037713,0.156143633577,0.70973325881
0.417276288033,1.3107068998,0.47063146749,0.0917222944825,0.30748278957
0.278384074158,1.96492849063,0.316889013653,0.307731893821,0.357221253632
0.653080603565,1.26365475643,0.599395203089,0.369359714979,0.649932694448
0.303394157657,2.20678021374,0.313025000617,0.172634534309,0.423729669284
0.572998555484,2.02320230167,0.807026443739,0.202652423902,0.712522429187
0.366406052877,1.59130522539,0.334857210664,0.124952981837,0.288600510675
0.55639735321,1.80355886252,0.518868762712,0.127225461326,0.760205688506
0.57681882934,2.32246806321,0.544184170517,0.181582012241,0.47523297582
0.424321500177,1.33466043501,0.473205373675,0.276899014302,0.46039809736
0.345116471991,2.50266833322,0.792638650333,0.155804331384,0.354278983646
0.367984082762,0.568292293365,0.410801628886,0.179224784637,0.42435417498
0.293402111936,2.04113287193,0.698939761555,0.192551588588,0.38186928426
0.505668332363,1.03340986434,0.753981585652,0.173046095971,1.23710867032
0.688822666929,2.74908334654,0.826942279803,0.107476387285,0.40825476308
0.336498401891,1.31697728963,0.345760598282,0.409170086049,0.455811265309
0.509103647736,3.01409935644,0.505959980861,0.203418086586,0.456829145285
0.462666324439,3.42545575235,0.860224379779,0.21144886756,0.431987925734
0.480920168288,1.79566626806,1.08686245428,0.128451332027,0.643131435802
0.222488669085,2.26862401752,0.288068173175,0.317798099665,0.692544105058
0.488880829895,1.80191738594,0.617658619605,0.0811451896882,0.242379996416
0.460051106664,2.00385821473,0.58885696033,0.155986009544,0.78856485439
0.392086929927,1.27755717451,0.50416458389,0.138307380127,0.310925267473
0.39240763748,2.201772155,0.577891662456,0.273123371758,0.37604209768
0.274762062169,2.53989986593,0.324266963177,0.126007439133,0.665345662939
0.294824128759,3.71860188325,0.645838767219,0.163100163639,0.656036193947
0.241238327619,0.831962125728,0.363077013125,0.192087300708,0.342593740294
0.324620114278,2.05082783284,0.79356338889,0.163166460105,0.428882151806
0.219686740255,1.79734500826,0.259521939456,0.184468794952,0.305940505894
0.365949099327,1.42066765474,0.38321216296,0.283138756723,0.386437315742
0.429447597132,2.45542222093,2.03592234363,0.211523692491,0.818761443424
0.485538114259,3.89951031601,0.855263699661,0.16539869558,0.411690111414
0.319278781274,1.40948375883,0.404843520238,0.210803754173,0.543844977555
0.155777491813,1.56906833671,0.697804725751,0.0871854974783,0.589621650065
0.456600131834,1.59955499478,0.748059752104,0.160979237968,0.528979470657
0.404702328318,1.56574706072,0.668436696085,0.201369994356,0.458890251561
0.661718046527,2.92542406952,0.834169820385,0.129164750611,0.19265955273
0.731063340707,1.43758704808,0.823596320022,0.310489247453,0.851109887336
0.536608055049,1.51461981533,0.693412694211,0.294945292673,0.735172195501
0.445655084541,1.35136527855,0.461692336537,0.280930878126,0.463216388817
0.334899974456,1.89416981054,0.578714748083,0.209886417607,0.420827718906
0.434253120067,2.78196387675,0.644677199611,0.0575872981048,0.586003980747
0.499536144096,1.84909504155,0.538531226159,0.333001194371,0.48820734887
0.37349950496,0.922468108484,0.467631438378,0.160015235404,0.267964071554
0.439982362805,1.93309072275,0.650644192886,0.286172425696,0.599216760629
0.289615154569,1.83979391636,0.950343444855,0.172784143276,0.329076225575
0.479127214941,5.20019601151,0.481266097112,0.248940377458,0.654165490764
0.382181096713,1.20974812078,0.657516122485,0.344994970113,0.762375352402
0.737241182577,2.82349037371,0.946281891631,0.166681363255,0.39024963793
0.568945560477,1.39098602126,0.446047564036,0.223842300842,0.337837065081
0.382141223054,1.33402691359,0.618007144753,0.154661257715,0.251482695351
0.60818776035,0.947042690125,0.495265831032,0.109659665986,0.351742977765
0.266787349756,1.2868901534,0.556075414258,0.0928664730407,0.212945382258
0.398864192448,3.24487978319,0.765856047116,0.149351278787,0.724535636854
0.21278212173,1.50663288818,0.259395903628,0.175947351125,0.322888396907
0.390885340411,0.739608793467,0.432168595442,0.183120703191,0.330742136848
0.288616993977,1.15812725725,0.340845864841,0.403907335958,0.476561795724
0.382780081322,1.81203672116,0.666982340491,0.250236828391,0.848346370335
0.356671641543,3.63840367238,0.541754220787,0.191522895004,0.607481207256
0.642774920269,0.716609646073,0.818504383234,0.221005964256,0.579273046544
0.383087328458,1.15257336954,0.384748885372,0.356863074432,0.46439249243
0.564547595031,1.78831930533,0.588975513642,0.26475110135,0.487353733608
0.320830239165,0.613875014313,0.458420455399,0.131317978569,0.286894141523
0.237980075567,1.48492096896,0.30298643934,0.15114737581,0.542116704368
0.444757894077,1.69770650982,0.288299196683,0.105815682466,0.221297047098
1.12556292206,1.94224882216,0.980121317706,0.285161531294,0.534448262471
0.610685481574,0.930387956467,0.599194770169,0.192737597762,0.614002079114
1.18877414366,0.828725441477,1.23343255265,0.734143278503,0.642078038209
0.565818153724,1.7624703622,1.9207100918,0.133462916847,0.896377740763
0.390713941444,1.19979517061,0.549427818434,0.223280476856,0.414807627102
0.374894532056,4.94998289395,0.332147761214,0.220687580759,0.466588143914
0.434119151749,1.30346400857,0.626467073878,0.145150451848,0.308314366097
0.51446382604,1.42182801427,0.70051726461,0.25832415543,0.670596176305
0.26571157932,1.64825414665,0.746018747508,0.238123311923,1.04762542629
0.532313647066,4.53546273238,0.815103390834,0.322170989873,0.482099348979
0.413770260408,1.21626728763,0.71997462014,0.13729043644,0.284294644983
0.508221028658,2.98954100095,0.510957018962,0.103954936578,0.365942870507
0.367922922759,0.699573509755,0.427466874877,0.130305072503,0.484191516053
0.30952232061,0.905045785396,0.360024970937,0.158039503958,0.613337727093
0.292709647957,1.49138367804,0.350716407491,0.235445118971,0.295432952426
0.268186906876,1.62115066792,0.324377609375,0.192558236053,0.53022006794
0.662039023457,1.24958894784,0.429753244956,0.369892916734,0.690269834407
0.392425109495,1.13340332829,0.475387771613,0.193804955796,0.574497254671
0.727535604117,2.27243892509,0.864347473497,0.271378691482,1.34135498622
0.261398839518,0.964563919115,0.398080893961,0.309646598865,0.482960296284
0.332566578243,0.949895553136,0.310892723074,0.291987428015,0.655162413743
0.296799127552,1.33662986997,0.342188232028,0.191831382768,0.519156151403
0.685275871555,0.799851910227,0.741478211442,0.211653931199,0.291881903904
0.40728670805,1.63393487946,0.470223999584,0.386034071734,0.700141297975
0.705860547122,1.78899735718,0.828255329749,0.207707524657,0.63214234475
0.292001993777,0.923930130158,0.400387939186,0.188886690295,0.588508239556
0.2403640011,1.48267012013,0.266455970816,0.131745346633,0.525108864541
0.57135313712,0.841441648006,0.489917352866,0.0745749000711,0.459088508677
0.669719759488,0.948275937003,0.752710929107,0.110696816679,0.350047881786
0.479589458622,1.4414089396,0.627445865925,0.22036974789,0.767650059883
0.439597292512,1.35853587022,0.340776673163,0.259731673334,0.292029135703
0.442361830157,1.7255436472,0.475114723258,0.42365975503,0.521576591206
0.334927371906,1.15536066662,0.377278700412,0.233737007929,0.446012076748
0.302893894048,1.35707737073,0.325942814255,0.162394826538,0.519438537118
0.699600552655,1.81886960084,1.14296534575,0.242751018546,0.315468905292
0.475630513968,0.666563732632,0.585713588138,0.155707321025,1.203556821
0.537873668703,2.07948250777,0.604373690789,0.299211344266,0.523929362803
0.694019475221,4.28167781543,0.550048861051,0.303503593989,0.508821791985
0.498362146618,1.5042677468,0.332204264051,0.189680002227,0.498111682948
0.45461817575,1.48948679946,0.510471577223,0.287070052607,0.54256500998
0.294828722505,0.999897135,0.356487090734,0.20691789139,0.794523934859
0.492945926361,1.66854900818,0.41413064794,0.0534994063668,0.532103271852
0.245543455092,1.93747631249,0.364186784575,0.142667802465,0.642451613217
0.287458054251,1.38831049401,0.323824228829,0.312812031116,0.611793815357
0.503800839489,1.91186288063,0.726425008953,0.100515229048,0.315443638798
0.961065059655,2.5430769081,1.11212454871,0.064801691511,0.220874690186
0.256798245133,0.784286396061,0.373842248674,0.194002420559,0.487682334594
0.346145099309,2.16584292197,0.513698475316,0.137993787609,0.313932726979
0.228437185484,0.88716573306,0.292483220849,0.169979855923,0.649850860121
0.421751109476,1.74037795933,0.472751187757,0.373472793244,0.810892030553
0.45974914339,1.18389818836,0.482890077697,0.402775792645,0.819564211187
0.5179979228,1.88001169768,0.559898852927,0.323663215571,0.383849787469
0.687995458544,1.78569637381,0.583994777865,0.343440249461,0.682661930321
0.501395765745,1.8594033779,0.8250075442,0.170221189793,0.830426227514
0.424099283958,2.34418443849,0.469712701323,0.190902945559,1.0942015056
0.432821708489,2.55867402906,0.629581326058,0.190015843274,0.696706593378
0.746996445195,8.77521773492,0.941705638873,0.0382261561348,0.100496409358
0.183226926605,1.67619464181,0.406889062198,0.156388495494,0.228133995824
0.56410509047,1.21078663238,0.445022309921,0.113026845243,0.367358144258
0.44156400965,1.98120533542,0.663395713407,0.259889169262,1.46183743983
0.244703962772,1.26698649088,0.304509739726,0.141511100569,0.454725406578
0.694523175612,1.17560429601,0.608271186126,0.233726713041,0.449851550346
0.62556398443,1.95196001886,0.60634707257,0.106980109078,0.243499539318
0.375418204102,1.19177437412,0.387016006242,0.152159923274,0.400806076805
0.390790661201,1.10745471346,0.421224019551,0.252346707907,0.428647178146
0.501989396958,1.11421897585,0.533349718317,0.243614236066,0.643320289849
0.558541562902,7.69976506776,0.593651956092,0.149658971732,2.09326072395
0.252273463704,2.34025442425,0.289505179062,0.137453851205,0.496899089184
0.794293589228,1.52541266122,0.964236733265,0.155524595115,0.262240024546
0.700017691099,2.65967621111,0.583608816149,0.146380053215,0.3012308026
0.334706237085,1.30884169148,0.349107126752,0.22457141112,0.57571540018
0.282702902909,1.52415406554,0.306605408735,0.226667821636,0.436726355218
0.578651011285,1.2001618426,0.592088637557,0.236496894024,0.373258597029
0.29218868436,3.18421397012,0.300865364512,0.0548307283019,0.339765767872
0.264270975716,1.19722900555,0.364663257953,0.150519727011,0.597758005766
0.427474149291,1.57173446133,0.652016022797,0.0638942401981,0.113484612174
0.414094861936,1.16502457702,0.411908015477,0.246318833587,0.868642170059
0.389402844469,0.605768084885,0.561237182597,0.215478678117,0.237781196162
0.459232154618,1.41197226349,0.477106716592,0.135515437407,0.332639663378
0.399627330071,1.4175949896,0.497437705048,0.0970526961265,0.157676501266
0.665942703652,3.1933759875,0.777482268371,0.247899614711,1.05976263232
0.503005378383,2.86512939893,0.656009840478,0.186353955819,0.298866400895
0.594897525188,3.38262743164,0.859755169673,0.198935644773,0.374453339165
0.333923250765,1.53713560886,0.374167393574,0.193942664053,0.392827592502
0.407390700254,1.1091808868,0.682696835965,0.266808645904,0.814319966302
0.309479178146,1.14206810998,0.40509566045,0.160295273306,0.766973763182
0.182901499445,2.74492908921,0.213170924491,0.139535491378,0.519774643047
0.313642625179,1.58113071706,0.366002519369,0.23050821845,0.548646243976
0.226880740591,2.84742866328,0.380843756415,0.049181737425,0.339804706787
0.551000492879,2.82018954066,0.956046717903,0.124184904361,0.349228228262
0.375409108019,1.12906216245,0.706585316372,0.14992193488,0.407130908133
0.529660929444,1.20585428737,0.958100731578,0.144479817407,0.48995700349
0.268688481809,1.10478956206,0.277617145452,0.156114291316,0.436153777575
0.439454221518,1.3353293947,0.59492465965,0.235633904618,0.305254407296
0.323788000811,3.92935209846,0.748191583216,0.206106911515,0.684742058271
0.606970024076,1.9170046421,0.507566972174,0.343671525686,0.333888552708
1.27091743452,3.30730598065,1.10089716207,0.155237729093,0.447411513777
0.437311435724,0.919267360628,0.559608050293,0.340812803339,0.215848322304
0.417978414849,1.74725372394,0.754890521851,0.150801424756,0.864888600695
0.550026866603,1.91985147744,0.577402854314,0.0651816008947,0.380890095891
0.48784080556,1.79008889927,0.449979402774,0.292048364326,0.651274922711
0.422592854577,1.68860289328,0.607414417,0.165706281253,0.706901951351
0.517052123952,0.637949612009,0.460427771953,0.222921876202,0.734416635893
0.303929040952,1.45186563896,0.347730410441,0.399078353719,0.644231588335
0.3981045155,2.5996738861,0.660258634418,0.245852491278,0.547963175959
0.536056341478,3.1854960449,0.661462937561,0.177654036784,0.601812441873
0.549559921356,1.28603929304,0.420278603324,0.117588681113,0.184220104088
0.747285279185,3.60144074873,0.842107693305,0.197817536402,0.590613654351
0.431015353425,1.09614151591,0.370115981049,0.267332218082,0.83302848939
0.311717587418,2.3196927587,0.333016076548,0.263097614658,0.580982840923
0.995745648303,2.13812282727,1.31364168355,0.17664742897,0.315625610447
0.230781014636,2.72007685325,0.247557172223,0.10495475937,0.405223091332
0.3066979129,1.53182056207,0.676581037004,0.20385546507,0.79037818612
0.854205153702,2.30072203275,0.968415926627,0.283918851549,1.24331530013
0.266354988817,0.77991334984,0.361845788822,0.214005587957,0.325730522641
0.303699811246,2.11203423147,0.382457061725,0.183800410538,0.456961321511
0.481564256358,2.58386985491,0.518330412816,0.259633738324,0.354368121865
0.297746787284,1.78391298226,0.344993370891,0.170586729497,0.444044601074
0.420437019231,1.66946713182,0.826297914031,0.120546032872,0.732271697787
0.758122975261,2.05678214906,0.680953234902,0.090578632237,0.246532930991
0.576388473994,4.36298180536,0.60839583881,0.104195334712,0.516249486107
0.34342795791,1.4020273904,0.357223427779,0.19671453393,0.337464089508
0.691911701484,2.735114014,0.865304849004,0.0512761645739,0.543355738024
0.378923372444,0.879498746605,0.383210647662,0.212195954327,0.500843437405
0.465327436903,0.845416725591,0.636308450928,0.183238768661,0.386343147035
0.747585227042,1.46681824891,0.570543688921,0.11469917123,0.573450286196
0.27593709156,0.922370541613,0.268531164591,0.233012389304,0.588226809727
0.626099323432,2.13738369279,0.810709187195,0.343375940898,0.349719608334
0.560369264254,1.27876043085,0.569393946083,0.2573597134,0.799984984153
0.608389457959,3.67948794435,0.564087092175,0.211768727322,0.483785853663
0.436632253955,1.56171644915,0.686659470349,0.194289753496,0.434617739642
0.46500555943,2.12265025842,0.626614030554,0.155796025492,0.786625239935
0.3329951953,0.993667808505,0.388125016384,0.168417977529,0.381049137842
0.291594712163,1.35194522858,0.36385008232,0.346080298574,0.361410792543
0.328044808417,1.42556031244,0.352395458796,0.195170096703,0.667991734682
0.408747742847,1.03143831855,0.388684701447,0.510394043486,0.804459720936
0.636715952672,1.82467120729,0.492905372947,0.311023922097,0.558856722923
0.339959803196,3.93549030841,0.526648647136,0.172849435137,0.550361355144
0.593969951195,1.38245840991,0.645889574288,0.44264646848,1.36245614498
0.559284113022,1.44501299533,0.830112346832,0.122301797468,4.80909012405
0.974090571275,1.55234979938,0.884109583552,0.078305781445,0.633519901414
1.01496446608,1.95256261166,0.87901964568,0.165964467603,0.229656092245
0.267091556361,1.2254929122,0.336755717439,0.265945225311,0.453675231505
0.611658708179,3.88363581188,0.50723486692,0.257863351694,0.388893188779
0.408498372247,1.11428785278,0.381092289568,0.275100324471,0.540824846729
0.51637546483,1.4258931417,0.484634455473,0.319913859109,0.440703615622
0.238562806673,1.19314023601,0.377277254911,0.145571280944,0.551562069075
0.249173145842,1.13199572634,0.288223336244,0.150452537032,0.500497373034
0.377377385606,1.41694449388,0.470294402781,0.104432064066,0.144438188191
0.473723487898,1.42323388681,0.69893450364,0.255535629046,0.872591769407
0.695055600161,3.44714369802,0.748262790487,0.179712605676,0.657371039593
0.924535009795,0.994328974442,0.845241142511,0.121208712613,0.528678148964
0.29839015568,1.92974379796,0.355149273932,0.122133808094,0.274919190751
0.620547078374,1.97419932716,0.493938777016,0.35348940025,0.547454039049
0.279909757585,0.874878562487,0.235675788574,0.123544704023,0.343123288641
0.405046470079,1.12883710286,0.408908376504,0.0846733911265,0.297417494779
0.807016837339,1.71557227383,1.22053263324,0.117226940647,0.431783437738
0.470773204271,0.894665364726,0.511244341654,0.316495885406,0.339317590022
0.455768187147,1.70494293876,0.510164620425,0.170936211605,1.1882453923
0.523754498551,1.21937762645,0.596916910968,0.357050300586,0.73684413319
0.29320857476,3.22828997624,0.299962199507,0.190252280348,0.327165467709
0.449085916004,1.08338132655,0.518549880345,0.258416652295,0.771313721745
0.290724561753,1.20965542003,0.302343751423,0.196815469506,0.406125685801
0.319848652967,2.14360769786,0.637626047421,0.125828487368,0.276328983815
0.403359733295,1.38996910988,0.491062199251,0.289366878672,0.649455996306
0.745449025851,1.96062594446,0.592718752464,0.335957886795,0.54833052051
0.347125232129,2.81314769984,0.278306483004,0.0940090088275,0.570852742995
0.690646998553,1.1977290567,0.781654145334,0.122256697504,0.50804117702
0.749099305661,2.76670345307,0.671458214456,0.321572066842,0.427192926298
0.304904193195,1.57212315811,0.340134710361,0.218209221565,0.320364318708
1.17325311159,1.80466987575,1.35843015047,0.163452154882,0.594305718019
0.391495620749,1.1447369374,0.313986136788,0.219229598874,0.796646299539
0.694222789581,2.15129066064,0.800330403855,0.207504632837,0.690356743788
0.267823333164,0.790648802162,0.386516904435,0.199804612878,0.454203679692
0.450653792248,1.94376576276,0.49418227372,0.166461672587,0.256242377396
0.698251645245,1.82027610237,0.683249987043,0.310267605757,0.384814619191
0.592132513683,1.67143042893,0.460570375407,0.358198922737,0.859232806426
0.428134764118,2.82706784655,0.459862699796,0.26217827271,0.902326288811
0.476515837178,1.17108675683,0.521625913286,0.265836021684,0.463913475672
0.39104593645,1.79385545614,0.496311102241,0.176255962105,0.349833559592
0.311417118579,2.32014721127,0.604330400636,0.330121912377,1.09480665498
0.551752270098,1.69728972947,0.849881329847,0.208605912924,1.28671729144
0.652494311016,2.2979077758,0.697812812675,0.219864487034,0.665739282027
0.429291150376,1.18468879212,0.367578492974,0.154943589761,0.455408397696
0.335374394196,1.49029997668,0.422032650997,0.225686006287,0.423735639886
0.29075532821,2.95111423221,0.291339121412,0.524903556571,0.46593658871
0.268970564873,1.34061056074,0.349471305552,0.183591664336,0.499360870876
0.243492223635,0.451281505823,0.421458997432,0.0915810538252,0.180800625959
0.603684605408,1.78548911477,0.558318495482,0.117422361603,0.426093339714
0.288100211137,2.13431271416,0.30521057789,0.178290295023,0.449377671099
0.326086771566,1.60121916686,0.636877864699,0.238389278818,0.824928246521
0.344210460326,1.70551598056,0.55467806651,0.300015665629,0.755594656821
0.224354854795,1.52306965951,0.217979320521,0.265366651786,0.537695528551
0.243181806531,1.06304723413,0.317121794611,0.200232433866,0.392044426853
0.467367026732,1.08050434256,0.537056796243,0.15429097416,0.249197723915
0.559257129731,2.05250987717,0.589578409752,0.141963156723,0.231164411274
0.443442936018,1.88223621744,0.633714604493,0.157387002439,1.06176657252
0.280690714522,1.99236470511,0.357544174504,0.171724987466,0.518819217426
0.497831653772,0.748724793766,0.658021011295,0.150048417933,0.457749631813
0.318041888954,0.776858749078,0.350630326688,0.262101427754,0.685695090871
0.460642229583,0.878312794199,0.390805671149,0.275423863268,0.733801561679
0.331990037094,1.43189404618,0.360238655946,0.396287442765,0.411831129082
0.635903386716,1.60294137038,0.677062754709,0.538023783357,0.904113236047
0.354980099748,1.16952737986,0.521090518735,0.206892904762,0.42513503194
0.459724913672,0.673793379123,0.541556386763,0.262019805776,0.291578184314
0.570306163811,1.26421281912,0.549978102082,0.165387592311,0.364890761386
0.494889440434,1.78566144255,0.833225689001,0.210543953149,0.421462250433
0.667009962631,2.64148514539,0.727640263732,0.206904215603,0.667891691711
0.39302098637,1.55708880286,0.453408331996,0.130728119339,0.510031549074
0.409885002821,2.67409772133,0.491652943747,0.274938079347,0.511143784489
0.276585907406,2.4310643095,0.467691341034,0.136195014528,0.511018060689
0.298693705818,1.54056964313,0.390475687141,0.269505446614,0.657898921673
0.745963534958,0.779676017437,1.08856178422,0.156075159541,0.337988119924
0.322971991998,1.12484903966,0.320508217148,0.199978342999,0.247377233044
0.403863921458,0.835419502787,0.44109504524,0.1643690891,0.53487227484
0.502227651694,1.42614740317,0.427158392156,0.443074800335,0.515379802601
0.323835273682,1.40064010336,0.310363243078,0.213426160746,0.324213121473
0.379842025619,1.22859887193,0.492008936573,0.169810240172,0.687089128908
0.283766806283,1.89583663583,0.325432696551,0.157573868826,0.272368753109
0.343868924374,0.602028761144,0.336224951818,0.0960636863749,0.230345488674
0.345268240718,2.17529841073,0.496721991315,0.122174607701,0.332247184449
0.465004909917,1.16262446526,0.469759187149,0.181108416391,0.653613736714
0.453734901738,1.65176156332,0.394338400117,0.275877859664,0.81577451333
0.509070474195,2.05190226968,0.470699016694,0.0844443923226,0.268022992872
0.958242181324,1.28501430621,0.448700341423,0.177727286773,0.344939916052
0.575897264669,4.87424880846,1.54235364437,0.232815081192,0.670404127662
0.306305980481,1.17410846766,0.300187737941,0.146904695799,0.622371142056
0.456622338999,0.6745374256,0.505879768841,0.228934671002,0.36128750647
0.342937694141,1.50261799802,0.911195502765,0.190165586692,0.47714257867
0.857350844422,2.18111518486,0.705218798493,0.0812370312859,0.417406436464
0.412412055404,1.28419808852,0.621856470683,0.199100590679,0.624371481689
0.818219798333,2.92386482303,1.28471931837,0.230871181088,0.763999955133
0.331310502279,1.22865488443,0.342301336551,0.283898398692,0.427400288691
0.385808187068,1.83286381027,0.543495484653,0.200105091044,0.574231715347
0.447190928788,0.690934671333,0.459338617102,0.248014806816,0.370310760727
0.451709076273,1.26202526046,0.625483576405,0.288764959343,0.306545323494
0.696107371259,2.65696256447,1.13105861325,0.187370160612,0.491136240266
0.449829445703,0.980889363923,0.611756054461,0.239156577664,0.402775077367
0.364311502935,1.90496033908,0.822662304538,0.0906631573855,0.393740049488
0.212066831093,2.49124515022,0.352897750538,0.205241158374,0.451657255585
0.450140992245,1.44710920327,0.670388747366,0.117662428312,0.424778136168
0.254697591674,1.1070255585,0.318199101802,0.143045714477,0.45800708948
0.426736839282,3.22531952659,0.4398614054,0.110187217516,0.301617063476
0.44909688776,1.43732717015,0.407522611733,0.0922237700027,0.353461911663
0.443424682151,1.70246147051,0.584470793878,0.239579625867,0.392569036013
0.258773433505,1.71938440962,0.249177882949,0.201462006264,0.464060518757
0.582579550762,8.94343792149,0.478515753157,0.0664825353273,0.232081220525
0.650625399504,1.2691670938,1.09208646078,0.144414552756,0.54319809321
0.440708804489,1.42129571492,0.675686703262,0.200003310395,1.15380469512
0.481368093409,2.80808588086,0.440842437344,0.114806843164,0.246807305423
0.363824870371,2.12962048095,0.296481988951,0.121876802563,0.342682074635
0.381867719801,2.38575515276,0.631766181291,0.0886332757347,0.205758813459
0.275598383623,3.0891872382,0.360902741937,0.162070397604,0.506533832696
0.439400065329,1.02359760932,0.750201638346,0.205127443094,0.556695457184
0.440540148303,0.976622120466,0.412956636146,0.284203323262,0.516242109471
0.639207864381,0.861373768667,0.651746735535,0.367417649465,0.674870888324
0.362063514924,1.15948660407,0.342344617555,0.250639254476,0.453158769101
0.301438499024,1.34413578975,0.344150463299,0.236112519125,0.511865531245
0.94597477393,12.622983079,1.23007938824,0.278371112213,0.306991953609
0.621035475382,0.911527997581,0.867055226142,0.238082467299,0.450447870451
